<?xml version="1.0" encoding="utf-8"?>
<COLLADA xmlns="http://www.collada.org/2005/11/COLLADASchema" version="1.4.1" xmlns:xsi="http://www.w3.org/2001/XMLSchema-instance">
  <asset>
    <contributor>
      <author>Blender User</author>
      <authoring_tool>Blender 4.2.12 LTS commit date:2025-07-14, commit time:13:17, hash:cf1451225401</authoring_tool>
    </contributor>
    <created>2025-08-15T21:37:28</created>
    <modified>2025-08-15T21:37:28</modified>
    <unit name="meter" meter="1"/>
    <up_axis>Z_UP</up_axis>
  </asset>
  <library_effects>
    <effect id="ABS__White_-effect">
      <profile_COMMON>
        <technique sid="common">
          <lambert>
            <emission>
              <color sid="emission">0 0 0 1</color>
            </emission>
            <diffuse>
              <color sid="diffuse">0.9647059 0.9647059 0.9529412 1</color>
            </diffuse>
            <index_of_refraction>
              <float sid="ior">1.5</float>
            </index_of_refraction>
          </lambert>
        </technique>
      </profile_COMMON>
    </effect>
  </library_effects>
  <library_images/>
  <library_materials>
    <material id="ABS__White_-material" name="ABS (White)">
      <instance_effect url="#ABS__White_-effect"/>
    </material>
  </library_materials>
  <library_geometries>
    <geometry id="base_link-mesh" name="base_link">
      <mesh>
        <source id="base_link-mesh-positions">
          <float_array id="base_link-mesh-positions-array" count="2196">2.508152 0.03596472 1.180583 2.606445 0.03596472 1.180583 2.606445 -0.03368163 1.186973 2.606445 -0.1049234 1.207456 2.606445 -0.1734797 1.242973 2.606445 -0.2346804 1.292688 2.606445 -0.2843953 1.353888 2.606445 -0.3199117 1.422445 2.606445 -0.3403955 1.493686 2.606445 -0.3467853 1.563333 2.606445 -0.3403955 1.632979 2.606445 -0.3199117 1.704221 2.606445 -0.2843953 1.772777 2.606445 -0.2346804 1.833978 2.606445 -0.1734797 1.883693 2.606445 -0.1049234 1.919209 2.606445 -0.03368163 1.939693 2.606445 0.03596472 1.946083 2.508152 0.03596472 1.946083 2.508076 -0.03368163 1.939693 2.507998 -0.1049234 1.919209 2.507923 -0.1734797 1.883693 2.507856 -0.2346804 1.833978 2.507801 -0.2843953 1.772777 2.507762 -0.3199117 1.704221 2.50774 -0.3403955 1.632979 2.507733 -0.3467853 1.563333 2.50774 -0.3403955 1.493686 2.507762 -0.3199117 1.422445 2.507801 -0.2843953 1.353888 2.507856 -0.2346804 1.292688 2.507923 -0.1734797 1.242973 2.507998 -0.1049234 1.207456 2.508076 -0.03368163 1.186973 2.557089 -0.2903789 1.763326 2.557089 -0.04385209 1.188998 2.557089 -0.1249892 1.21607 2.557089 -0.2008734 1.262658 2.557089 -0.26471 1.326495 2.557089 -0.3112979 1.402379 2.557089 -0.3383705 1.483516 2.557089 -0.3467853 1.563333 2.557089 -0.3383705 1.64315 2.557089 -0.3199117 1.704221 2.557089 -0.250208 1.817504 2.557089 -0.2008734 1.864007 2.557089 -0.1447281 1.900746 2.557089 -0.08464121 1.926584 2.557089 -0.0235455 1.941428 -2.491851 0.03596472 1.946083 -2.591555 0.03596472 1.946083 -2.591555 -0.03368163 1.939693 -2.591555 -0.1049234 1.919209 -2.591555 -0.1734797 1.883693 -2.591555 -0.2346804 1.833978 -2.591555 -0.2843953 1.772777 -2.591555 -0.3199117 1.704221 -2.591555 -0.3403955 1.632979 -2.591555 -0.3467853 1.563333 -2.591555 -0.3403955 1.493686 -2.591555 -0.3199117 1.422445 -2.591555 -0.2843953 1.353888 -2.591555 -0.2346804 1.292688 -2.591555 -0.1734797 1.242973 -2.591555 -0.1049234 1.207456 -2.591555 -0.03368163 1.186973 -2.591555 0.03596472 1.180583 -2.491851 0.03596472 1.180583 -2.491927 -0.03368163 1.186973 -2.492005 -0.1049234 1.207456 -2.49208 -0.1734797 1.242973 -2.492147 -0.2346804 1.292688 -2.492202 -0.2843953 1.353888 -2.492241 -0.3199117 1.422445 -2.492263 -0.3403955 1.493686 -2.49227 -0.3467853 1.563333 -2.492263 -0.3403955 1.632979 -2.492241 -0.3199117 1.704221 -2.492202 -0.2843953 1.772777 -2.492147 -0.2346804 1.833978 -2.49208 -0.1734797 1.883693 -2.492005 -0.1049234 1.919209 -2.491927 -0.03368163 1.939693 -2.541703 -0.2903789 1.363339 -2.541703 -0.04385209 1.937668 -2.541703 -0.1249892 1.910595 -2.541703 -0.2008734 1.864007 -2.541703 -0.26471 1.800171 -2.541703 -0.3112979 1.724287 -2.541703 -0.3383705 1.64315 -2.541703 -0.3467853 1.563333 -2.541703 -0.3383705 1.483516 -2.541703 -0.3199117 1.422445 -2.541703 -0.250208 1.309162 -2.541703 -0.2008734 1.262658 -2.541703 -0.1447281 1.22592 -2.541703 -0.08464121 1.200081 -2.541703 -0.0235455 1.185238 0.006445348 -2.364035 -0.886291 0.1152157 -2.364155 -0.8767536 0.2261935 -2.364276 -0.8463857 0.3333915 -2.364394 -0.7939553 0.4303408 -2.3645 -0.7205703 0.5112463 -2.364588 -0.6298027 0.5720845 -2.364655 -0.5271425 0.6112332 -2.364698 -0.4189499 0.6294418 -2.364718 -0.3112912 0.6189169 -2.478069 -0.3112912 0.5854489 -2.593992 -0.3112912 0.527517 -2.705516 -0.3112912 0.4464876 -2.805043 -0.3112912 0.3467837 -2.885854 -0.3112912 0.2351323 -2.943542 -0.3112912 0.1191364 -2.976755 -0.3112912 0.005762636 -2.987032 -0.3112912 -0.1075882 -2.976507 -0.3112912 -0.223511 -2.943039 -0.3112912 -0.3350358 -2.885107 -0.3112912 -0.4345623 -2.804078 -0.3112912 -0.5153734 -2.704374 -0.3112912 -0.5730607 -2.592722 -0.3112912 -0.6062746 -2.476726 -0.3112912 -0.616551 -2.363353 -0.3112912 -0.5983424 -2.363373 -0.4189499 -0.5591937 -2.363415 -0.5271425 -0.4983555 -2.363482 -0.6298027 -0.41745 -2.363571 -0.7205703 -0.3205007 -2.363677 -0.7939553 -0.2133027 -2.363795 -0.8463857 -0.1023249 -2.363916 -0.8767536 0.5977987 -2.490803 -0.4189499 0.5595196 -2.482597 -0.5271425 0.5000328 -2.469845 -0.6298027 0.4209245 -2.452887 -0.7205703 0.3261289 -2.432565 -0.7939553 0.2213121 -2.410096 -0.8463857 0.1127995 -2.386834 -0.8767536 0.5548805 -2.618962 -0.4189499 0.5193796 -2.60246 -0.5271425 0.4642102 -2.576816 -0.6298027 0.3908432 -2.542713 -0.7205703 0.3029274 -2.501848 -0.7939553 0.2057179 -2.456662 -0.8463857 0.1050808 -2.409883 -0.8767536 0.4811348 -2.738787 -0.4189499 0.4504076 -2.714529 -0.5271425 0.4026565 -2.676831 -0.6298027 0.3391549 -2.626698 -0.7205703 0.2630608 -2.566625 -0.7939553 0.1789226 -2.5002 -0.8463857 0.09181767 -2.431434 -0.8767536 0.3801556 -2.839545 -0.4189499 0.3559649 -2.808764 -0.5271425 0.3183718 -2.760931 -0.6298027 0.2683787 -2.69732 -0.7205703 0.2084718 -2.621094 -0.7939553 0.1422321 -2.536811 -0.8463857 0.07365673 -2.449555 -0.8767536 0.2601696 -2.913028 -0.4189499 0.2437456 -2.877491 -0.5271425 0.2182224 -2.822265 -0.6298027 0.1842805 -2.748824 -0.7205703 0.1436077 -2.660819 -0.7939553 0.09863543 -2.56351 -0.8463857 0.05207735 -2.462771 -0.8767536 0.1319168 -2.955665 -0.4189499 0.1237949 -2.917368 -0.5271425 0.1111732 -2.857853 -0.6298027 0.09438818 -2.778708 -0.7205703 0.07427477 -2.683868 -0.7939553 0.05203509 -2.579002 -0.8463857 0.02901124 -2.470439 -0.8767536 0.005782604 -2.968823 -0.4189499 0.005825519 -2.929674 -0.5271425 0.005892217 -2.868836 -0.6298027 0.005980849 -2.787931 -0.7205703 0.006087124 -2.690981 -0.7939553 0.006204605 -2.583783 -0.8463857 0.006326198 -2.472806 -0.8767536 -0.1203222 -2.955389 -0.4189499 -0.1121164 -2.917109 -0.5271425 -0.09936428 -2.857623 -0.6298027 -0.08240592 -2.778514 -0.7205703 -0.06208473 -2.683719 -0.7939553 -0.03961527 -2.578902 -0.8463857 -0.0163536 -2.470389 -0.8767536 -0.3101316 -2.879348 -0.4189499 -0.2896392 -2.845992 -0.5271425 -0.2577933 -2.794154 -0.6298027 -0.2154432 -2.725218 -0.7205703 -0.164695 -2.642612 -0.7939553 -0.108582 -2.551273 -0.8463857 -0.05049055 -2.456714 -0.8767536 -0.0337032 -2.465125 -0.8767536 -0.07466661 -2.568266 -0.8463857 -0.1142348 -2.667894 -0.7939553 -0.1500201 -2.757997 -0.7205703 -0.1798834 -2.83319 -0.6298027 -0.2023397 -2.889732 -0.5271425 -0.21679 -2.926116 -0.4189499 -0.3956682 -2.81578 -0.4189499 -0.3696389 -2.786538 -0.5271425 -0.3291885 -2.741095 -0.6298027 -0.2753958 -2.680663 -0.7205703 -0.2109358 -2.608247 -0.7939553 -0.1396616 -2.528176 -0.8463857 -0.06587421 -2.445281 -0.8767536 -0.4690642 -2.737746 -0.4189499 -0.4382838 -2.713555 -0.5271425 -0.3904502 -2.675962 -0.6298027 -0.3268389 -2.625968 -0.7205703 -0.2506134 -2.566062 -0.7939553 -0.1663298 -2.499822 -0.8463857 -0.07907438 -2.431247 -0.8767536 -0.5270179 -2.648966 -0.4189499 -0.4924861 -2.630522 -0.5271425 -0.4388228 -2.60186 -0.6298027 -0.3674587 -2.563743 -0.7205703 -0.281943 -2.518068 -0.7939553 -0.1873871 -2.467564 -0.8463857 -0.08949732 -2.41528 -0.8767536 -0.5677417 -2.553977 -0.4189499 -0.5305739 -2.541682 -0.5271425 -0.4728139 -2.522575 -0.6298027 -0.3960019 -2.497165 -0.7205703 -0.3039581 -2.466717 -0.7939553 -0.202184 -2.43305 -0.8463857 -0.09682142 -2.398196 -0.8767536 -0.5910906 -2.457413 -0.4189499 -0.5524113 -2.451369 -0.5271425 -0.4923025 -2.441976 -0.6298027 -0.4123672 -2.429484 -0.7205703 -0.3165804 -2.414515 -0.7939553 -0.2106677 -2.397964 -0.8463857 -0.1010207 -2.380829 -0.8767536 0.006445348 2.335965 -0.886291 0.1152157 2.335845 -0.8767536 0.2261935 2.335724 -0.8463857 0.3333915 2.335607 -0.7939553 0.4303408 2.3355 -0.7205703 0.5112463 2.335412 -0.6298027 0.5720845 2.335345 -0.5271425 0.6112332 2.335302 -0.4189499 0.6294418 2.335282 -0.3112912 0.6189169 2.221931 -0.3112912 0.5854489 2.106008 -0.3112912 0.527517 1.994483 -0.3112912 0.4464876 1.894957 -0.3112912 0.3467837 1.814146 -0.3112912 0.2351323 1.756458 -0.3112912 0.1191364 1.723245 -0.3112912 0.005762636 1.712968 -0.3112912 -0.1075882 1.723493 -0.3112912 -0.223511 1.756961 -0.3112912 -0.3350358 1.814893 -0.3112912 -0.4345623 1.895923 -0.3112912 -0.5153734 1.995626 -0.3112912 -0.5730607 2.107278 -0.3112912 -0.6062746 2.223274 -0.3112912 -0.616551 2.336647 -0.3112912 -0.5983424 2.336627 -0.4189499 -0.5591937 2.336585 -0.5271425 -0.4983555 2.336518 -0.6298027 -0.41745 2.336429 -0.7205703 -0.3205007 2.336323 -0.7939553 -0.2133027 2.336205 -0.8463857 -0.1023249 2.336084 -0.8767536 0.5977987 2.209197 -0.4189499 0.5595196 2.217403 -0.5271425 0.5000328 2.230155 -0.6298027 0.4209245 2.247113 -0.7205703 0.3261289 2.267435 -0.7939553 0.2213121 2.289904 -0.8463857 0.1127995 2.313166 -0.8767536 0.5548805 2.081038 -0.4189499 0.5193796 2.09754 -0.5271425 0.4642102 2.123184 -0.6298027 0.3908432 2.157287 -0.7205703 0.3029274 2.198152 -0.7939553 0.2057179 2.243338 -0.8463857 0.1050808 2.290116 -0.8767536 0.4811348 1.961213 -0.4189499 0.4504076 1.985471 -0.5271425 0.4026565 2.023169 -0.6298027 0.3391549 2.073302 -0.7205703 0.2630608 2.133375 -0.7939553 0.1789226 2.1998 -0.8463857 0.09181767 2.268566 -0.8767536 0.3801556 1.860455 -0.4189499 0.3559649 1.891235 -0.5271425 0.3183718 1.939069 -0.6298027 0.2683787 2.00268 -0.7205703 0.2084718 2.078906 -0.7939553 0.1422321 2.163189 -0.8463857 0.07365673 2.250445 -0.8767536 0.2601696 1.786972 -0.4189499 0.2437456 1.822509 -0.5271425 0.2182224 1.877735 -0.6298027 0.1842805 1.951176 -0.7205703 0.1436077 2.039181 -0.7939553 0.09863543 2.13649 -0.8463857 0.05207735 2.237229 -0.8767536 0.1319168 1.744335 -0.4189499 0.1237949 1.782632 -0.5271425 0.1111732 1.842146 -0.6298027 0.09438818 1.921292 -0.7205703 0.07427477 2.016132 -0.7939553 0.05203509 2.120997 -0.8463857 0.02901124 2.229561 -0.8767536 0.005782604 1.731177 -0.4189499 0.005825519 1.770326 -0.5271425 0.005892217 1.831164 -0.6298027 0.005980849 1.912069 -0.7205703 0.006087124 2.009018 -0.7939553 0.006204605 2.116217 -0.8463857 0.006326198 2.227194 -0.8767536 -0.1203222 1.744611 -0.4189499 -0.1121164 1.782891 -0.5271425 -0.09936428 1.842377 -0.6298027 -0.08240592 1.921485 -0.7205703 -0.06208473 2.016281 -0.7939553 -0.03961527 2.121098 -0.8463857 -0.0163536 2.22961 -0.8767536 -0.3101316 1.820652 -0.4189499 -0.2896392 1.854008 -0.5271425 -0.2577933 1.905846 -0.6298027 -0.2154432 1.974782 -0.7205703 -0.164695 2.057388 -0.7939553 -0.108582 2.148727 -0.8463857 -0.05049055 2.243286 -0.8767536 -0.0337032 2.234875 -0.8767536 -0.07466661 2.131734 -0.8463857 -0.1142348 2.032106 -0.7939553 -0.1500201 1.942003 -0.7205703 -0.1798834 1.86681 -0.6298027 -0.2023397 1.810268 -0.5271425 -0.21679 1.773884 -0.4189499 -0.3956682 1.88422 -0.4189499 -0.3696389 1.913462 -0.5271425 -0.3291885 1.958905 -0.6298027 -0.2753958 2.019337 -0.7205703 -0.2109358 2.091753 -0.7939553 -0.1396616 2.171824 -0.8463857 -0.06587421 2.254719 -0.8767536 -0.4690642 1.962255 -0.4189499 -0.4382838 1.986445 -0.5271425 -0.3904502 2.024038 -0.6298027 -0.3268389 2.074031 -0.7205703 -0.2506134 2.133938 -0.7939553 -0.1663298 2.200178 -0.8463857 -0.07907438 2.268754 -0.8767536 -0.5270179 2.051034 -0.4189499 -0.4924861 2.069478 -0.5271425 -0.4388228 2.09814 -0.6298027 -0.3674587 2.136257 -0.7205703 -0.281943 2.181932 -0.7939553 -0.1873871 2.232436 -0.8463857 -0.08949732 2.28472 -0.8767536 -0.5677417 2.146023 -0.4189499 -0.5305739 2.158318 -0.5271425 -0.4728139 2.177425 -0.6298027 -0.3960019 2.202835 -0.7205703 -0.3039581 2.233283 -0.7939553 -0.202184 2.26695 -0.8463857 -0.09682142 2.301804 -0.8767536 -0.5910906 2.242587 -0.4189499 -0.5524113 2.248631 -0.5271425 -0.4923025 2.258024 -0.6298027 -0.4123672 2.270516 -0.7205703 -0.3165804 2.285485 -0.7939553 -0.2106677 2.302036 -0.8463857 -0.1010207 2.319171 -0.8767536 -0.6060261 2.449998 -0.3112912 -0.5725581 2.565921 -0.3112912 -0.5146262 2.677446 -0.3112912 -0.4335968 2.776972 -0.3112912 -0.3338929 2.857783 -0.3112912 -0.2222415 2.915471 -0.3112912 -0.1062456 2.948685 -0.3112912 0.007128119 2.958961 -0.3112912 0.1204791 2.948436 -0.3112912 0.2364019 2.914968 -0.3112912 0.3479266 2.857036 -0.3112912 0.4474532 2.776007 -0.3112912 0.5282642 2.676303 -0.3112912 0.5859515 2.564651 -0.3112912 0.6191654 2.448656 -0.3112912 0.1139115 2.352758 -0.8767536 0.2235586 2.369894 -0.8463857 0.3294712 2.386445 -0.7939553 0.425258 2.401413 -0.7205703 0.5051934 2.413905 -0.6298027 0.5653021 2.423298 -0.5271425 0.6039814 2.429343 -0.4189499 -0.5849078 2.462732 -0.4189499 -0.5466288 2.454526 -0.5271425 -0.487142 2.441774 -0.6298027 -0.4080337 2.424816 -0.7205703 -0.313238 2.404495 -0.7939553 -0.2084213 2.382025 -0.8463857 -0.09990876 2.358764 -0.8767536 -0.5419897 2.590891 -0.4189499 -0.5064888 2.574389 -0.5271425 -0.4513193 2.548746 -0.6298027 -0.3779524 2.514643 -0.7205703 -0.2900366 2.473777 -0.7939553 -0.1928271 2.428592 -0.8463857 -0.09218996 2.381813 -0.8767536 -0.468244 2.710716 -0.4189499 -0.4375168 2.686458 -0.5271425 -0.3897657 2.64876 -0.6298027 -0.3262641 2.598628 -0.7205703 -0.25017 2.538554 -0.7939553 -0.1660318 2.47213 -0.8463857 -0.07892692 2.403363 -0.8767536 -0.3672648 2.811474 -0.4189499 -0.3430741 2.780694 -0.5271425 -0.305481 2.732861 -0.6298027 -0.2554879 2.669249 -0.7205703 -0.195581 2.593023 -0.7939553 -0.1293413 2.50874 -0.8463857 -0.06076592 2.421484 -0.8767536 -0.2472787 2.884957 -0.4189499 -0.2308548 2.84942 -0.5271425 -0.2053316 2.794195 -0.6298027 -0.1713896 2.720753 -0.7205703 -0.1307169 2.632748 -0.7939553 -0.08574461 2.535439 -0.8463857 -0.03918653 2.4347 -0.8767536 -0.119026 2.927594 -0.4189499 -0.110904 2.889297 -0.5271425 -0.09828233 2.829783 -0.6298027 -0.08149743 2.750638 -0.7205703 -0.06138396 2.655797 -0.7939553 -0.03914427 2.550932 -0.8463857 -0.01612043 2.442368 -0.8767536 0.007108151 2.940752 -0.4189499 0.007065236 2.901604 -0.5271425 0.006998538 2.840765 -0.6298027 0.006909906 2.75986 -0.7205703 0.006803631 2.662911 -0.7939553 0.006686151 2.555713 -0.8463857 0.006564557 2.444735 -0.8767536 0.1332131 2.927318 -0.4189499 0.1250072 2.889039 -0.5271425 0.1122551 2.829552 -0.6298027 0.09529674 2.750444 -0.7205703 0.07497549 2.655648 -0.7939553 0.05250608 2.550831 -0.8463857 0.02924436 2.442319 -0.8767536 0.3230224 2.851278 -0.4189499 0.30253 2.817921 -0.5271425 0.2706841 2.766083 -0.6298027 0.228334 2.697147 -0.7205703 0.1775858 2.614541 -0.7939553 0.1214728 2.523202 -0.8463857 0.06338137 2.428643 -0.8767536 0.04659396 2.437054 -0.8767536 0.08755737 2.540195 -0.8463857 0.1271256 2.639823 -0.7939553 0.1629109 2.729927 -0.7205703 0.1927742 2.805119 -0.6298027 0.2152305 2.861661 -0.5271425 0.2296808 2.898046 -0.4189499 0.408559 2.787709 -0.4189499 0.3825297 2.758467 -0.5271425 0.3420794 2.713025 -0.6298027 0.2882866 2.652592 -0.7205703 0.2238266 2.580176 -0.7939553 0.1525524 2.500105 -0.8463857 0.07876503 2.417211 -0.8767536 0.481955 2.709675 -0.4189499 0.4511746 2.685484 -0.5271425 0.4033411 2.647891 -0.6298027 0.3397297 2.597898 -0.7205703 0.2635042 2.537991 -0.7939553 0.1792206 2.471751 -0.8463857 0.09196519 2.403176 -0.8767536 0.5399087 2.620895 -0.4189499 0.5053769 2.602452 -0.5271425 0.4517136 2.573789 -0.6298027 0.3803495 2.535673 -0.7205703 0.2948338 2.489997 -0.7939553 0.2002779 2.439494 -0.8463857 0.1023881 2.387209 -0.8767536 0.5806325 2.525907 -0.4189499 0.5434647 2.513611 -0.5271425 0.4857047 2.494504 -0.6298027 0.4088928 2.469095 -0.7205703 0.3168489 2.438646 -0.7939553 0.2150748 2.40498 -0.8463857 0.1097123 2.370125 -0.8767536 -0.6060261 -2.250002 -0.3112912 -0.5725581 -2.134079 -0.3112912 -0.5146262 -2.022554 -0.3112912 -0.4335968 -1.923027 -0.3112912 -0.3338929 -1.842216 -0.3112912 -0.2222415 -1.784529 -0.3112912 -0.1062456 -1.751315 -0.3112912 0.007128119 -1.741039 -0.3112912 0.1204791 -1.751564 -0.3112912 0.2364019 -1.785032 -0.3112912 0.3479266 -1.842964 -0.3112912 0.4474532 -1.923993 -0.3112912 0.5282642 -2.023697 -0.3112912 0.5859515 -2.135348 -0.3112912 0.6191654 -2.251344 -0.3112912 0.1139115 -2.347241 -0.8767536 0.2235586 -2.330106 -0.8463857 0.3294712 -2.313555 -0.7939553 0.425258 -2.298587 -0.7205703 0.5051934 -2.286095 -0.6298027 0.5653021 -2.276702 -0.5271425 0.6039814 -2.270657 -0.4189499 -0.5849078 -2.237267 -0.4189499 -0.5466288 -2.245473 -0.5271425 -0.487142 -2.258225 -0.6298027 -0.4080337 -2.275184 -0.7205703 -0.313238 -2.295505 -0.7939553 -0.2084213 -2.317975 -0.8463857 -0.09990876 -2.341236 -0.8767536 -0.5419897 -2.109109 -0.4189499 -0.5064888 -2.12561 -0.5271425 -0.4513193 -2.151254 -0.6298027 -0.3779524 -2.185357 -0.7205703 -0.2900366 -2.226223 -0.7939553 -0.1928271 -2.271408 -0.8463857 -0.09218996 -2.318187 -0.8767536 -0.468244 -1.989284 -0.4189499 -0.4375168 -2.013542 -0.5271425 -0.3897657 -2.05124 -0.6298027 -0.3262641 -2.101372 -0.7205703 -0.25017 -2.161446 -0.7939553 -0.1660318 -2.22787 -0.8463857 -0.07892692 -2.296637 -0.8767536 -0.3672648 -1.888526 -0.4189499 -0.3430741 -1.919306 -0.5271425 -0.305481 -1.96714 -0.6298027 -0.2554879 -2.030751 -0.7205703 -0.195581 -2.106976 -0.7939553 -0.1293413 -2.19126 -0.8463857 -0.06076592 -2.278516 -0.8767536 -0.2472787 -1.815043 -0.4189499 -0.2308548 -1.85058 -0.5271425 -0.2053316 -1.905805 -0.6298027 -0.1713896 -1.979247 -0.7205703 -0.1307169 -2.067252 -0.7939553 -0.08574461 -2.16456 -0.8463857 -0.03918653 -2.2653 -0.8767536 -0.119026 -1.772406 -0.4189499 -0.110904 -1.810703 -0.5271425 -0.09828233 -1.870217 -0.6298027 -0.08149743 -1.949362 -0.7205703 -0.06138396 -2.044202 -0.7939553 -0.03914427 -2.149068 -0.8463857 -0.01612043 -2.257632 -0.8767536 0.007108151 -1.759248 -0.4189499 0.007065236 -1.798396 -0.5271425 0.006998538 -1.859234 -0.6298027 0.006909906 -1.94014 -0.7205703 0.006803631 -2.037089 -0.7939553 0.006686151 -2.144287 -0.8463857 0.006564557 -2.255265 -0.8767536 0.1332131 -1.772682 -0.4189499 0.1250072 -1.810961 -0.5271425 0.1122551 -1.870448 -0.6298027 0.09529674 -1.949556 -0.7205703 0.07497549 -2.044352 -0.7939553 0.05250608 -2.149168 -0.8463857 0.02924436 -2.257681 -0.8767536 0.3230224 -1.848722 -0.4189499 0.30253 -1.882079 -0.5271425 0.2706841 -1.933917 -0.6298027 0.228334 -2.002853 -0.7205703 0.1775858 -2.085459 -0.7939553 0.1214728 -2.176798 -0.8463857 0.06338137 -2.271357 -0.8767536 0.04659396 -2.262946 -0.8767536 0.08755737 -2.159805 -0.8463857 0.1271256 -2.060177 -0.7939553 0.1629109 -1.970073 -0.7205703 0.1927742 -1.894881 -0.6298027 0.2152305 -1.838339 -0.5271425 0.2296808 -1.801955 -0.4189499 0.408559 -1.912291 -0.4189499 0.3825297 -1.941533 -0.5271425 0.3420794 -1.986976 -0.6298027 0.2882866 -2.047408 -0.7205703 0.2238266 -2.119824 -0.7939553 0.1525524 -2.199895 -0.8463857 0.07876503 -2.282789 -0.8767536 0.481955 -1.990325 -0.4189499 0.4511746 -2.014516 -0.5271425 0.4033411 -2.052109 -0.6298027 0.3397297 -2.102102 -0.7205703 0.2635042 -2.162009 -0.7939553 0.1792206 -2.228249 -0.8463857 0.09196519 -2.296824 -0.8767536 0.5399087 -2.079104 -0.4189499 0.5053769 -2.097548 -0.5271425 0.4517136 -2.126211 -0.6298027 0.3803495 -2.164327 -0.7205703 0.2948338 -2.210003 -0.7939553 0.2002779 -2.260506 -0.8463857 0.1023881 -2.312791 -0.8767536 0.5806325 -2.174093 -0.4189499 0.5434647 -2.186389 -0.5271425 0.4857047 -2.205496 -0.6298027 0.4088928 -2.230905 -0.7205703 0.3168489 -2.261353 -0.7939553 0.2150748 -2.29502 -0.8463857 0.1097123 -2.329874 -0.8767536 -2.49177 0.1097948 1.938895 -2.491691 0.1821978 1.917047 -2.491617 0.2488915 1.881389 -2.491554 0.3062439 1.834343 -2.491554 0.3535843 1.77691 -2.491554 0.3894806 1.710044 -2.491554 0.4114781 1.637409 -2.491554 0.4187148 1.563333 -2.491554 0.4114781 1.489256 -2.491554 0.3894806 1.416622 -2.491554 0.3535843 1.349756 -2.491554 0.3062439 1.292322 -2.491617 0.2488915 1.245277 -2.491691 0.1821978 1.209619 -2.49177 0.1097948 1.187771 -2.591555 0.105611 1.186973 -2.591555 0.1768529 1.207456 -2.591555 0.2454092 1.242973 -2.591555 0.3066099 1.292688 -2.591555 0.3563247 1.353888 -2.591555 0.3918412 1.422445 -2.591555 0.4123249 1.493686 -2.591555 0.4187148 1.563333 -2.591555 0.4123249 1.632979 -2.591555 0.3918412 1.704221 -2.591555 0.3563247 1.772777 -2.591555 0.3066099 1.833978 -2.591555 0.2454092 1.883693 -2.591555 0.1768529 1.919209 -2.591555 0.105611 1.939693 -2.541555 0.3918412 1.704221 -2.541555 0.1565706 1.926584 -2.541555 0.09547495 1.941428 -2.541555 0.2166576 1.900746 -2.541555 0.2728028 1.864007 -2.541555 0.3221374 1.817504 -2.541555 0.3623083 1.763326 -2.541555 0.4187148 1.563333 -2.541555 0.4103 1.64315 -2.541555 0.4103 1.483516 -2.541555 0.3832274 1.402379 -2.541555 0.3366394 1.326495 -2.541555 0.2728028 1.262658 -2.541555 0.1969187 1.21607 -2.541555 0.1157815 1.188998 -2.491554 0.3062439 1.563333 -2.491554 0.3624792 1.563333 -2.591555 0.03596472 1.563333 -2.493908 -1.84142 -0.3112912 -2.489893 1.822127 -0.3112912 -1.261817 3.050203 -0.3112912 1.274708 3.050203 -0.3112912 2.510102 1.814809 -0.3112912 2.506094 -1.842125 -0.3112912 1.274708 -3.073511 -0.3112912 -1.261817 -3.073511 -0.3112912 0.008098483 -0.01165604 -0.3112912 2.508229 0.105611 1.186973 2.508306 0.1768529 1.207456 2.508382 0.2454092 1.242973 2.508449 0.3066099 1.292688 2.508503 0.3563247 1.353888 2.508542 0.3918412 1.422445 2.508565 0.4123249 1.493686 2.508572 0.4187148 1.563333 2.508565 0.4123249 1.632979 2.508542 0.3918412 1.704221 2.508503 0.3563247 1.772777 2.508449 0.3066099 1.833978 2.508382 0.2454092 1.883693 2.508306 0.1768529 1.919209 2.508229 0.105611 1.939693 2.606445 0.105611 1.939693 2.606445 0.1768529 1.919209 2.606445 0.2454092 1.883693 2.606445 0.3066099 1.833978 2.606445 0.3563247 1.772777 2.606445 0.3918412 1.704221 2.606445 0.4123249 1.632979 2.606445 0.4187148 1.563333 2.606445 0.4123249 1.493686 2.606445 0.3918412 1.422445 2.606445 0.3563247 1.353888 2.606445 0.3066099 1.292688 2.606445 0.2454092 1.242973 2.606445 0.1768529 1.207456 2.606445 0.105611 1.186973 2.557299 0.1565706 1.200081 2.557299 0.09547495 1.185238 2.557299 0.2166576 1.22592 2.557299 0.2728028 1.262658 2.557299 0.3221374 1.309162 2.557299 0.3623083 1.363339 2.557299 0.3918412 1.422445 2.557299 0.4103 1.483516 2.557299 0.4187148 1.563333 2.557299 0.4103 1.64315 2.557299 0.3832274 1.724287 2.557299 0.3366394 1.800171 2.557299 0.2728028 1.864007 2.557299 0.1969187 1.910595 2.557299 0.1157815 1.937668 2.606445 0.03596472 1.563333 -2.493908 -1.84142 2.588709 -2.489893 1.822127 2.588709 -2.491901 -0.009646892 1.138709 -1.261817 -3.073511 2.588709 1.274708 -3.073511 2.588709 2.506094 -1.842125 2.588709 2.510102 1.814809 2.588709 1.274708 3.050203 2.588709 -1.261817 3.050203 2.588709 0.008098483 -0.01165604 2.588709 -1.877863 -2.457466 1.138709 2.508098 -0.01365804 1.138709 1.892405 2.432506 1.138709 -1.875855 2.436165 1.138709 0.006445348 3.050203 1.138709 1.890401 -2.457818 1.138709 0.006445348 -3.073511 1.138709</float_array>
          <technique_common>
            <accessor source="#base_link-mesh-positions-array" count="732" stride="3">
              <param name="X" type="float"/>
              <param name="Y" type="float"/>
              <param name="Z" type="float"/>
            </accessor>
          </technique_common>
        </source>
        <source id="base_link-mesh-normals">
          <float_array id="base_link-mesh-normals-array" count="2742">-1.01719e-5 -1.00612e-5 -1 8.12719e-6 -1.74745e-5 -1 -2.58633e-5 -0.1819356 -0.9833105 3.72665e-5 -0.2086011 -0.9780009 3.18441e-6 -0.3680678 -0.9297991 -1.75205e-7 -0.4205322 -0.9072777 2.83106e-5 -0.5471703 -0.8370214 7.42846e-7 -0.6187231 -0.7856091 4.2649e-5 -0.7071043 -0.7071092 -2.23576e-6 -0.7854611 -0.6189112 7.27316e-6 -0.8369998 -0.5472033 0 -0.9072655 -0.4205583 -5.83532e-7 -0.9297837 -0.3681064 0 -0.9780189 -0.2085165 -3.79188e-6 -0.983312 -0.1819275 0 -1 0 0 -1 0 1.51119e-6 -0.983303 0.1819761 2.29746e-7 -0.9780125 0.2085465 -3.36813e-6 -0.9297881 0.3680953 0 -0.9297835 0.3681071 0 -0.8526453 0.5224903 6.36699e-6 -0.9297875 0.3680967 -2.80626e-5 -0.8369947 0.547211 3.04636e-6 -0.1819689 -0.9833043 -2.933e-6 -0.3680378 -0.9298108 -2.7939e-5 -0.5471708 -0.837021 -7.17025e-6 -0.7071065 -0.7071071 -3.01085e-5 -0.8370208 -0.5471712 6.46629e-7 -0.9297932 -0.3680824 2.95299e-6 -0.9833101 -0.1819378 2.44635e-6 -0.9833101 0.1819376 -3.24998e-7 -0.747658 0.664084 2.30558e-5 -0.7071074 0.7071063 -1.03119e-6 -0.6188315 0.7855238 1.2042e-5 -0.5472135 0.836993 -6.61919e-6 -0.4719117 0.8816459 -8.75443e-6 -0.3680946 0.9297884 -4.03431e-5 -0.3150843 0.9490638 -1.6341e-5 -0.1819617 0.9833056 -1.65668e-5 -0.1554969 0.9878364 5.25091e-6 1.0784e-5 1 7.15442e-6 -7.96418e-6 1 1.71363e-6 -0.1819627 0.9833055 -2.80216e-5 -0.3680995 0.9297865 1.44569e-5 -0.5472088 0.8369963 -1.0008e-5 -0.7071048 0.7071089 -2.24859e-5 -0.8369953 0.5472101 -9.1265e-6 5.36898e-6 1 2.67581e-6 1.9076e-5 1 -1.49035e-6 -0.1819647 0.9833052 -1.10494e-5 -0.2085566 0.9780104 -3.22752e-6 -0.3680227 0.9298169 -4.0431e-7 -0.4205491 0.9072698 -1.20464e-5 -0.5471896 0.8370088 3.6977e-6 -0.6188904 0.7854774 -2.05706e-5 -0.7071054 0.7071082 2.98483e-6 -0.7855011 0.6188605 -3.32212e-5 -0.8370259 0.5471633 8.10367e-7 -0.9072614 0.4205673 -7.14265e-5 -0.9297941 0.36808 0 -0.978014 0.2085395 5.41843e-6 -0.9833145 0.1819137 -7.38405e-6 -1 0 1.15388e-5 -0.9833235 -0.1818653 -1.6659e-7 -0.9780134 -0.2085422 5.95814e-6 -0.9297871 -0.3680979 0 -0.929802 -0.3680604 0 -0.8526395 -0.5224998 1.22902e-5 -0.929789 -0.3680931 -1.77594e-5 -0.8369939 -0.5472124 1.46916e-6 -0.1819597 0.983306 -4.97335e-5 -0.368102 0.9297854 2.23157e-5 -0.5471803 0.8370148 1.97832e-5 -0.7071073 0.7071064 -5.25522e-6 -0.8369912 0.5472165 1.13567e-6 -0.9297861 0.3681005 -4.73973e-6 -0.9833126 0.1819238 -5.07955e-6 -0.9833126 -0.1819239 8.90672e-7 -0.7476756 -0.6640642 -2.26349e-5 -0.707104 -0.7071095 2.01747e-6 -0.6188417 -0.7855159 1.24909e-5 -0.5472087 -0.8369962 3.60438e-6 -0.4719864 -0.8816059 -3.1394e-5 -0.3680984 -0.9297869 1.36986e-5 -0.3150769 -0.9490662 -2.40318e-5 -0.1819669 -0.9833047 1.87091e-7 -0.155492 -0.9878371 3.30852e-7 -7.89293e-6 -1 2.58326e-6 4.41463e-6 -1 1.96341e-5 -0.1819659 -0.9833049 1.68243e-5 -0.3680979 -0.9297871 3.47756e-6 -0.5472088 -0.8369963 -4.78514e-6 -0.7071067 -0.7071068 1.91154e-5 -0.8369932 -0.5472134 0 0 -1 0.1740285 -1.88015e-4 -0.9847406 0.1701648 -0.03647935 -0.9847402 0.3516069 -3.94337e-4 -0.9361477 0.3437939 -0.07370036 -0.9361485 0.5231245 -5.886e-4 -0.8522561 0.5115435 -0.1096784 -0.8522288 0.6782398 -7.6576e-4 -0.7348403 0.6631941 -0.1421898 -0.7348167 0.8076851 -9.15349e-4 -0.5896134 0.7897422 -0.1693016 -0.5896136 0.9050225 -0.001000463 -0.4253628 0.8849179 -0.1897082 -0.42536 0.9676586 -0.001087725 -0.2522612 0.946156 -0.2028395 -0.25228 0.9799541 -0.1824505 -0.08001101 0.926406 -0.3679272 -0.08001005 0.9967909 -0.001096308 -0.08004295 0.8775013 -0.4078807 -0.2522401 0.8337157 -0.5463666 -0.08001112 0.759507 -0.5996041 -0.252238 0.7040624 -0.7056128 -0.08004319 0.5979377 -0.7608194 -0.2522385 0.5445376 -0.8349112 -0.08001464 0.4059635 -0.8783758 -0.2522886 0.3658949 -0.9272105 -0.08000999 0.2007644 -0.9465978 -0.2522823 0.1803008 -0.980352 -0.08001124 -0.001061081 -0.9676433 -0.2523199 -0.001096785 -0.9967932 -0.08001297 -0.1824509 -0.9799541 -0.0800113 -0.202835 -0.9461646 -0.252251 -0.3679295 -0.9264035 -0.08002775 -0.3572124 -0.8993064 -0.2522845 -0.5065233 -0.8245013 -0.2522534 -0.4737614 -0.7711219 -0.4253484 -0.6020358 -0.6760312 -0.4248939 -0.5370336 -0.6033113 -0.5895849 -0.6350355 -0.4990846 -0.5896139 -0.5332541 -0.4190911 -0.7348489 -0.598268 -0.3195523 -0.7348209 -0.4614208 -0.2464507 -0.8522635 -0.4966827 -0.1643123 -0.8522369 -0.3337999 -0.1104193 -0.9361545 -0.3474307 -0.05430078 -0.9361321 -0.1719443 -0.02686941 -0.9847402 -0.1740279 1.89008e-4 -0.9847408 -0.5463685 -0.8337143 -0.08001267 -0.6433839 -0.7227911 -0.2522506 -0.7115477 -0.5593357 -0.4252572 -0.7124269 -0.3805164 -0.5896229 -0.6439518 -0.2130384 -0.7348066 -0.5168455 -0.08076941 -0.85226 -0.3516091 3.92995e-4 -0.9361469 -0.7056146 -0.7040651 -0.08000296 -0.7608303 -0.5979313 -0.2522209 -0.7982531 -0.4265025 -0.4253088 -0.766819 -0.2536724 -0.5896091 -0.6701008 -0.104717 -0.7348466 -0.5231245 5.88865e-4 -0.8522561 -0.8349088 -0.5445423 -0.08000677 -0.8535174 -0.4558849 -0.2523435 -0.8592154 -0.2843097 -0.4253434 -0.7980171 -0.1247486 -0.5895818 -0.6782407 7.6617e-4 -0.7348395 -0.9272099 -0.3658961 -0.08001208 -0.9186943 -0.3039025 -0.2522779 -0.8941689 -0.139762 -0.4253571 -0.8076793 8.654e-4 -0.5896214 -0.9803493 -0.1803083 -0.08002656 -0.9560274 -0.1493994 -0.2523719 -0.9050234 0.001000523 -0.4253607 -0.9967908 0.001096725 -0.08004301 -0.9676587 0.001087605 -0.252261 -0.165232 -0.05466032 -0.9847389 -0.1535155 -0.0819962 -0.9847384 -0.1368227 -0.1075368 -0.9847413 -0.1157076 -0.1299994 -0.9847396 -0.09109574 -0.1482784 -0.9847412 -0.06424355 -0.1617541 -0.9847378 -0.03647768 -0.1701605 -0.984741 -1.93853e-4 -0.1740635 -0.9847345 0.03610712 -0.1702453 -0.98474 0.07301539 -0.1579837 -0.9847385 0.1075509 -0.1368486 -0.9847362 0.1366117 -0.1078505 -0.9847363 0.1578236 -0.07336091 -0.9847385 0.8206912 -0.3814999 -0.4253513 0.7103394 -0.5607894 -0.4253624 0.5592966 -0.7115642 -0.4252809 0.3797476 -0.8215162 -0.4253268 0.1877215 -0.8853346 -0.4253744 -9.92249e-4 -0.9050915 -0.425216 -0.1896715 -0.8849253 -0.4253611 -0.3342328 -0.8410708 -0.4253096 0.7324261 -0.3404561 -0.5896115 0.6339151 -0.5004383 -0.5896723 0.4990991 -0.6350442 -0.5895922 0.3388856 -0.7331835 -0.589575 0.1675714 -0.7901115 -0.5896133 -8.85074e-4 -0.8076828 -0.5896167 -0.1692734 -0.7897481 -0.5896139 -0.2981393 -0.7506537 -0.5896033 -0.422816 -0.6882079 -0.5895732 0.6150329 -0.2858796 -0.7348521 0.5323475 -0.4202722 -0.7348316 0.4191325 -0.5332921 -0.7347977 0.2845334 -0.6156569 -0.734852 0.1407073 -0.6634754 -0.7348482 -7.43914e-4 -0.6782427 -0.7348377 -0.1421556 -0.6631727 -0.7348427 -0.2503548 -0.6303532 -0.7348316 -0.355044 -0.5779159 -0.7348178 -0.4509463 -0.5066024 -0.734848 0.4743786 -0.2205052 -0.8522573 0.4105975 -0.3241533 -0.8522526 0.3232538 -0.4113076 -0.8522518 0.2194662 -0.4748615 -0.8522565 0.1085345 -0.5117475 -0.8522528 -5.74994e-4 -0.5231051 -0.852268 -0.1096481 -0.5114942 -0.8522623 -0.1931043 -0.4862019 -0.8522433 -0.2738077 -0.4457027 -0.8522785 -0.3478156 -0.390743 -0.8522585 -0.4112955 -0.3232423 -0.852262 0.3188462 -0.1482089 -0.936147 0.2759574 -0.2178592 -0.9361543 0.2172525 -0.2764358 -0.9361541 0.1475319 -0.3192116 -0.9361295 0.07294791 -0.343954 -0.9361487 -3.84189e-4 -0.3516124 -0.9361456 -0.07369458 -0.3437973 -0.9361478 -0.1297733 -0.3267626 -0.9361544 -0.1840479 -0.2995865 -0.9361487 -0.2338129 -0.2626654 -0.9361295 -0.2764391 -0.2172594 -0.9361517 -0.3101524 -0.1656584 -0.9361425 0 0 -1 0.1740288 -1.89654e-4 -0.9847406 0.1701667 -0.03647774 -0.98474 0.3516079 -3.91823e-4 -0.9361473 0.3437943 -0.07369983 -0.9361485 0.5231254 -5.88515e-4 -0.8522555 0.5115071 -0.1096573 -0.8522534 0.6782399 -7.65793e-4 -0.7348402 0.6631934 -0.1421902 -0.7348173 0.8076791 -8.65646e-4 -0.5896216 0.7897566 -0.1693401 -0.5895833 0.9050223 -0.001000463 -0.4253631 0.8849141 -0.1897576 -0.425346 0.9676585 -0.001087605 -0.2522614 0.9461559 -0.2028384 -0.2522808 0.9799542 -0.1824502 -0.0800119 0.9264059 -0.3679274 -0.08001011 0.9967908 -0.001096427 -0.08004349 0.8775013 -0.4078803 -0.2522409 0.8337156 -0.5463666 -0.08001184 0.7595073 -0.5996041 -0.2522373 0.7040623 -0.7056133 -0.08003991 0.5979333 -0.760807 -0.2522868 0.5445373 -0.8349115 -0.08001166 0.4059633 -0.8783757 -0.2522897 0.3658953 -0.9272103 -0.08001101 0.2007824 -0.9465823 -0.2523261 0.1803012 -0.9803518 -0.08001083 -0.001060247 -0.9676433 -0.2523199 -0.001096844 -0.9967936 -0.08000946 -0.1824504 -0.979954 -0.08001315 -0.2028345 -0.9461643 -0.2522525 -0.3679296 -0.9264032 -0.08003169 -0.3571786 -0.8993279 -0.2522556 -0.5065241 -0.824501 -0.2522529 -0.4738051 -0.7711077 -0.4253253 -0.6020362 -0.6760312 -0.4248933 -0.5370342 -0.6033111 -0.5895847 -0.6350356 -0.4990847 -0.5896136 -0.533254 -0.4190916 -0.7348486 -0.5982685 -0.3195521 -0.7348206 -0.4614542 -0.2464757 -0.8522381 -0.4966446 -0.1642913 -0.8522633 -0.3337982 -0.1104205 -0.936155 -0.3474287 -0.05429929 -0.936133 -0.171945 -0.02686971 -0.98474 -0.1740283 1.88863e-4 -0.9847407 -0.5463699 -0.8337134 -0.08001279 -0.6433836 -0.7227914 -0.2522503 -0.7115475 -0.5593366 -0.4252562 -0.7124589 -0.3805757 -0.5895461 -0.643922 -0.2130131 -0.7348401 -0.5168853 -0.08078682 -0.8522342 -0.3516092 3.92031e-4 -0.9361469 -0.7056145 -0.7040653 -0.0800023 -0.76081 -0.5979381 -0.2522663 -0.7982541 -0.4265026 -0.425307 -0.7668504 -0.2537395 -0.5895396 -0.6701303 -0.1047419 -0.734816 -0.523125 5.88714e-4 -0.8522558 -0.8349086 -0.5445425 -0.08000802 -0.8535175 -0.4558848 -0.2523432 -0.8592256 -0.2842612 -0.4253553 -0.7980176 -0.1247483 -0.589581 -0.67824 7.66089e-4 -0.73484 -0.9272098 -0.3658967 -0.08001166 -0.9186835 -0.3038948 -0.2523266 -0.894164 -0.1398121 -0.4253509 -0.8076792 8.65247e-4 -0.5896216 -0.9803494 -0.1803082 -0.08002632 -0.95604 -0.1494019 -0.2523226 -0.9050223 0.001000761 -0.4253631 -0.9967908 0.001096725 -0.08004313 -0.9676587 0.001087665 -0.252261 -0.1652314 -0.05465877 -0.9847391 -0.1535143 -0.08199274 -0.9847388 -0.1368609 -0.1075647 -0.9847331 -0.1157418 -0.1300381 -0.9847304 -0.09109121 -0.1482813 -0.9847412 -0.06423872 -0.1617542 -0.984738 -0.03647923 -0.1701611 -0.9847409 -1.92318e-4 -0.1740633 -0.9847344 0.03610467 -0.1702462 -0.9847399 0.07301449 -0.1579848 -0.9847384 0.107553 -0.1368485 -0.984736 0.1365736 -0.1078206 -0.9847449 0.1578224 -0.07335895 -0.9847389 0.8206816 -0.3815446 -0.4253301 0.7103379 -0.5608527 -0.4252816 0.55936 -0.7115621 -0.425201 0.3797014 -0.8215252 -0.4253508 0.1877217 -0.8853342 -0.4253753 -9.92296e-4 -0.9050267 -0.4253537 -0.1896718 -0.8849254 -0.4253606 -0.3342797 -0.8410587 -0.4252967 0.7324256 -0.3404567 -0.5896117 0.6339656 -0.5005162 -0.5895517 0.4990993 -0.6350445 -0.5895918 0.3388516 -0.7331715 -0.5896094 0.1675721 -0.7901119 -0.5896124 -8.84896e-4 -0.8077126 -0.5895758 -0.1692736 -0.7897489 -0.5896127 -0.2981727 -0.7506697 -0.5895661 -0.4227865 -0.688192 -0.5896128 0.6150327 -0.285879 -0.7348524 0.5323454 -0.4202719 -0.7348333 0.4191048 -0.5332644 -0.7348336 0.2845328 -0.6156568 -0.7348523 0.1407085 -0.6634755 -0.7348479 -7.44418e-4 -0.6782418 -0.7348384 -0.1421557 -0.6631722 -0.7348431 -0.2503561 -0.630352 -0.7348322 -0.3550442 -0.5779159 -0.7348176 -0.4509453 -0.506603 -0.7348482 0.474379 -0.220505 -0.8522571 0.4105967 -0.3241545 -0.8522525 0.3232544 -0.4113057 -0.8522525 0.2194676 -0.47486 -0.8522571 0.1085362 -0.5117468 -0.852253 -5.73055e-4 -0.5231482 -0.8522415 -0.1096491 -0.5114939 -0.8522624 -0.193081 -0.4861654 -0.8522694 -0.2738342 -0.4457368 -0.852252 -0.3478154 -0.3907432 -0.8522585 -0.411294 -0.3232426 -0.8522627 0.3188467 -0.1482105 -0.9361466 0.2759584 -0.2178606 -0.9361537 0.2172537 -0.276436 -0.9361538 0.1475083 -0.3191707 -0.9361472 0.07294309 -0.3439559 -0.9361484 -3.85083e-4 -0.3516123 -0.9361456 -0.07369709 -0.3437978 -0.9361475 -0.1297989 -0.3268033 -0.9361367 -0.1840513 -0.2995851 -0.9361485 -0.2338119 -0.2626665 -0.9361295 -0.2764397 -0.21726 -0.9361513 -0.3101525 -0.165659 -0.9361424 0.9803494 0.1803079 -0.08002638 0.9560526 0.1494044 -0.2522734 0.894151 0.1399623 -0.4253289 0.7980175 0.1247481 -0.5895813 0.6701004 0.1047183 -0.7348467 0.5168458 0.08076953 -0.8522597 0.347383 0.05428743 -0.9361506 0.171944 0.02687048 -0.9847403 -0.1701674 0.03647828 -0.9847398 -0.3437955 0.07370018 -0.9361479 -0.5115068 0.1096573 -0.8522536 -0.663194 0.1421893 -0.734817 -0.7897561 0.1693403 -0.5895841 -0.8849177 0.1897085 -0.4253605 -0.9461559 0.2028381 -0.2522811 -0.9799541 0.1824503 -0.0800119 -0.9264059 0.3679274 -0.08001041 -0.8775012 0.4078802 -0.2522408 -0.8337157 0.5463667 -0.08001077 -0.7595074 0.5996042 -0.2522369 -0.7040619 0.7056135 -0.08004063 -0.5979376 0.76082 -0.2522371 -0.5445375 0.8349117 -0.08000922 -0.4059559 0.8783932 -0.2522401 -0.3658949 0.9272106 -0.08000832 -0.2007654 0.9465982 -0.2522802 -0.1803024 0.9803516 -0.0800125 0.001060545 0.9676564 -0.2522701 0.001096785 0.9967937 -0.08000826 0.1824508 0.9799541 -0.08001011 0.2028345 0.9461647 -0.2522513 0.3679308 0.9264031 -0.08002758 0.3572123 0.8993057 -0.252287 0.5065248 0.824501 -0.2522516 0.4737616 0.771122 -0.4253479 0.6020364 0.6760311 -0.424893 0.5370342 0.6033111 -0.5895845 0.6350356 0.4990848 -0.5896136 0.533254 0.4190916 -0.7348486 0.5982686 0.3195521 -0.7348205 0.4614205 0.2464514 -0.8522635 0.4966449 0.1642914 -0.8522629 0.3337982 0.1104203 -0.936155 0.5463697 0.8337137 -0.08001083 0.6433842 0.7227908 -0.2522506 0.7115744 0.5591936 -0.4253991 0.7124434 0.3805452 -0.5895845 0.6439225 0.2130132 -0.7348395 0.7056142 0.7040656 -0.08000224 0.7607895 0.5979447 -0.2523128 0.7981857 0.4267276 -0.4252095 0.7668195 0.2536711 -0.589609 0.8349087 0.5445425 -0.08000791 0.8535175 0.4558847 -0.2523431 0.8592255 0.2842611 -0.4253556 0.9272098 0.3658963 -0.08001214 0.9186834 0.3038948 -0.2523268 0.1652317 0.05465859 -0.9847391 0.1535143 0.08199262 -0.9847389 0.1368222 0.1075355 -0.9847415 0.115742 0.1300381 -0.9847304 0.09109055 0.1482803 -0.9847414 0.06423866 0.1617541 -0.9847381 0.03647923 0.1701611 -0.9847409 1.92247e-4 0.1740142 -0.9847431 -0.03610479 0.1702466 -0.9847398 -0.07301402 0.1579843 -0.9847385 -0.1075522 0.1368472 -0.9847363 -0.136612 0.107852 -0.9847362 -0.1578243 0.07335984 -0.9847385 -0.8206907 0.3814995 -0.4253529 -0.7103349 0.5609173 -0.4252014 -0.5592963 0.7115641 -0.4252814 -0.3796573 0.8215325 -0.4253759 -0.1877701 0.8853318 -0.4253589 9.9154e-4 0.9050924 -0.4252141 0.1897224 0.884914 -0.425362 0.3341377 0.8410947 -0.4253374 -0.7324251 0.3404575 -0.589612 -0.6339313 0.5004635 -0.5896334 -0.4990993 0.6350445 -0.5895918 -0.3388859 0.733184 -0.5895741 -0.167572 0.7901118 -0.5896127 8.8489e-4 0.8076822 -0.5896174 0.1693192 0.78973 -0.5896251 0.2981734 0.7506682 -0.5895676 0.4227868 0.688192 -0.5896129 -0.6150327 0.28588 -0.734852 -0.5323454 0.4202718 -0.7348334 -0.4191051 0.5332649 -0.7348331 -0.2845327 0.6156565 -0.7348526 -0.1407086 0.6634763 -0.7348472 7.44412e-4 0.6782423 -0.734838 0.1421548 0.6631718 -0.7348437 0.2503816 0.6303809 -0.7347986 0.3550443 0.577916 -0.7348175 0.4509454 0.506603 -0.734848 -0.4743788 0.2205049 -0.8522573 -0.4105966 0.3241544 -0.8522527 -0.3232545 0.4113058 -0.8522524 -0.2194674 0.4748595 -0.8522574 -0.1085362 0.5117465 -0.8522532 5.73066e-4 0.5231049 -0.8522682 0.1096491 0.5114941 -0.8522621 0.1931037 0.4862025 -0.852243 0.2738342 0.4457368 -0.8522521 0.3478153 0.3907431 -0.8522585 0.4112945 0.3232429 -0.8522622 -0.3188458 0.14821 -0.936147 -0.2759572 0.2178596 -0.9361544 -0.2172542 0.2764369 -0.9361534 -0.1475088 0.3191713 -0.9361468 -0.07294434 0.3439548 -0.9361486 3.8513e-4 0.3516122 -0.9361457 0.07369714 0.3437981 -0.9361472 0.129799 0.3268036 -0.9361366 0.1840512 0.2995851 -0.9361486 0.2337803 0.2626318 -0.9361471 0.2764396 0.21726 -0.9361513 0.3101516 0.1656587 -0.9361428 0.9803494 0.1803081 -0.08002638 0.9560652 0.1494071 -0.252224 0.8941684 0.139762 -0.4253581 0.7980177 0.1247476 -0.5895811 0.6701004 0.1047176 -0.7348468 0.5168866 0.08078652 -0.8522334 0.3473821 0.05428707 -0.936151 0.1719475 0.02686941 -0.9847397 -0.170166 0.03647774 -0.9847401 -0.3437934 0.07369977 -0.9361487 -0.5115074 0.1096564 -0.8522533 -0.6631653 0.1421604 -0.7348484 -0.7897411 0.1693015 -0.5896151 -0.8849182 0.1897082 -0.4253594 -0.946156 0.2028394 -0.2522798 -0.9799542 0.1824503 -0.0800113 -0.9264059 0.3679274 -0.08001035 -0.877501 0.4078804 -0.2522411 -0.8337158 0.5463662 -0.08001273 -0.7595074 0.5996039 -0.2522375 -0.7040622 0.7056132 -0.08004051 -0.5979376 0.7608201 -0.2522371 -0.5445371 0.8349118 -0.08001101 -0.4059631 0.8783761 -0.2522884 -0.3658951 0.9272104 -0.08001023 -0.2007644 0.9465982 -0.252281 -0.1803014 0.9803518 -0.08001178 0.001060843 0.9676564 -0.2522699 0.001096904 0.9967934 -0.08001059 0.1824504 0.9799541 -0.08001255 0.2028343 0.9461644 -0.2522522 0.3679296 0.9264032 -0.08003115 0.3572463 0.8992838 -0.2523168 0.5064547 0.8245216 -0.2523251 0.4738905 0.7710822 -0.4252765 0.6020361 0.6760307 -0.4248942 0.5370562 0.6033316 -0.5895437 0.6350353 0.4990852 -0.5896137 0.5332817 0.4191169 -0.7348141 0.5982691 0.3195523 -0.7348201 0.4614189 0.246452 -0.8522641 0.4966454 0.1642917 -0.8522627 0.3337967 0.1104186 -0.9361557 0.5463694 0.8337138 -0.08001124 0.6433557 0.7228015 -0.2522923 0.7115474 0.5593363 -0.4252569 0.712427 0.3805165 -0.5896228 0.6439227 0.213013 -0.7348395 0.7056146 0.7040652 -0.08000248 0.760789 0.5979449 -0.2523131 0.798267 0.4264576 -0.4253279 0.7668192 0.2536711 -0.5896096 0.8349086 0.5445424 -0.08000719 0.8535302 0.4558879 -0.2522946 0.8592056 0.284358 -0.425331 0.9272097 0.3658964 -0.0800119 0.9186834 0.3038951 -0.2523268 0.165235 0.05465954 -0.9847384 0.1535137 0.0819956 -0.9847387 0.1368191 0.1075362 -0.9847419 0.1157078 0.1300002 -0.9847394 0.09108483 0.1482849 -0.9847413 0.06424182 0.1617534 -0.984738 0.03647959 0.1701609 -0.9847409 1.90749e-4 0.1740627 -0.9847345 -0.03610247 0.170247 -0.9847399 -0.07301586 0.1579845 -0.9847383 -0.1075549 0.1368482 -0.9847358 -0.1365748 0.1078193 -0.9847449 -0.1578217 0.07336062 -0.9847388 -0.8206816 0.3815449 -0.4253296 -0.71034 0.5607889 -0.4253624 -0.5593283 0.7115626 -0.425242 -0.3797018 0.8215246 -0.4253516 -0.1877704 0.8853314 -0.4253594 9.92226e-4 0.9050919 -0.425215 0.1896722 0.8849252 -0.4253608 0.3341379 0.8410945 -0.4253376 -0.7324386 0.3404911 -0.5895757 -0.6339496 0.5004898 -0.5895913 -0.4990997 0.6350443 -0.5895916 -0.3388513 0.7331707 -0.5896106 -0.1675723 0.7901116 -0.5896129 8.84863e-4 0.8076824 -0.5896173 0.1692745 0.789749 -0.5896124 0.2981733 0.7506684 -0.5895674 0.4227584 0.6881763 -0.5896514 -0.6150324 0.2858785 -0.7348529 -0.5323468 0.4202719 -0.7348324 -0.4191052 0.5332657 -0.7348323 -0.2845613 0.6156841 -0.7348183 -0.1407088 0.6634766 -0.7348468 7.42675e-4 0.6782423 -0.734838 0.142154 0.6631715 -0.7348441 0.2503566 0.630352 -0.7348319 0.3550179 0.5778886 -0.7348517 0.450945 0.5066033 -0.7348481 -0.4743794 0.2205059 -0.8522567 -0.4105977 0.3241538 -0.8522522 -0.3232533 0.411306 -0.8522527 -0.2194665 0.4748604 -0.8522571 -0.108536 0.5117475 -0.8522526 5.73818e-4 0.5231055 -0.8522678 0.1096494 0.5114939 -0.8522623 0.1930833 0.4861632 -0.85227 0.2738352 0.4457363 -0.852252 0.347814 0.3907441 -0.8522585 0.4112946 0.3232412 -0.8522628 -0.3188455 0.1482086 -0.9361473 -0.2759583 0.2178587 -0.9361543 -0.2172527 0.2764344 -0.9361546 -0.1475077 0.3191699 -0.9361475 -0.0729466 0.343954 -0.9361488 3.85484e-4 0.3516119 -0.9361458 0.07369899 0.3437981 -0.9361471 0.1297984 0.3268038 -0.9361366 0.184048 0.2995871 -0.9361485 0.2337807 0.262632 -0.936147 0.2764421 0.2172604 -0.9361504 0.3101526 0.1656598 -0.9361422 -2.13236e-5 0.1819674 0.9833046 7.53673e-7 0.1554717 0.9878404 3.11462e-5 0.1928952 0.9812194 -9.63628e-7 0.3151112 0.9490548 8.19284e-6 0.3820595 0.9241377 -5.57792e-4 0.4717034 0.8817572 -5.54137e-6 0.5563063 0.8309774 -2.70279e-5 0.6188108 0.7855401 4.00841e-6 0.7061483 0.708064 1.96591e-6 0.7476703 0.6640702 -5.34113e-6 0.829837 0.5580059 -4.96727e-6 0.852648 0.522486 -9.23173e-6 0.9236195 0.3833106 2.3956e-5 0.9298092 0.368042 2.29012e-6 0.9810948 0.1935279 -4.49072e-6 0.9780124 0.2085469 5.84754e-5 1 -1.3818e-7 -1.65508e-6 0.9833085 0.1819463 0 1 0 -2.30409e-6 0.9833085 -0.1819463 2.75072e-6 0.978014 -0.2085396 -3.32169e-7 0.9297918 -0.3680859 -4.66243e-7 0.9072877 -0.4205108 -7.01821e-6 0.8369842 -0.547227 -7.28754e-5 0.7855213 -0.6188347 7.19149e-5 0.7071084 -0.7071052 -1.03371e-4 0.6188516 -0.7855079 -1.00455e-5 0.5472255 -0.8369852 -1.0248e-6 0.4205628 -0.9072635 2.70595e-6 0.3680872 -0.9297913 -2.41913e-5 0.2086073 -0.9779996 5.76256e-6 0.1819534 -0.9833071 -2.09594e-6 0.1928939 -0.9812197 -2.60072e-7 0.9810913 -0.1935455 9.21718e-7 0.9236271 -0.3832926 -1.09731e-5 0.8298503 -0.557986 -2.50633e-5 0.7061516 -0.7080607 1.23633e-7 0.556304 -0.8309789 2.77581e-6 0.3820543 -0.9241399 -3.25958e-5 0.9297865 0.3680993 -1.94618e-5 0.8369947 0.5472109 1.64118e-5 0.7071059 0.7071076 -5.07943e-6 0.5472078 0.8369969 1.42818e-5 0.3680933 0.929789 1 0 0 1 -1.29092e-6 0 1 0 0 1 -6.13581e-6 0 1 4.41408e-6 0 -1 1.44841e-6 0 -1 0 0 -1 0 0 -1 -1.51841e-6 0 -1 5.7138e-7 0 -1 5.40661e-7 0 -1 4.96398e-7 0 -1 0 0 -1 -1.49608e-6 0 -1 5.26693e-7 0 -1 0 0 -1 5.26693e-7 0 -1 -9.89961e-7 0 -1 4.62564e-7 0 -1 9.92794e-7 0 -1 0 0 -1 1.01224e-6 0 -1 0 0 -1 0 0 -1 -1.01224e-6 0 -1 0 0 -1 -9.92791e-7 0 -1 -4.62559e-7 0 -1 9.89964e-7 0 -1 -5.26693e-7 0 -1 -5.26693e-7 0 -1 1.49608e-6 0 -1 0 0 -1 -4.96395e-7 0 -1 -5.40661e-7 0 -1 -5.7138e-7 0 0 0 -1 0 0 -1 0 0 -1 -1.60011e-7 0 -1 -1.40836e-7 0 -1 1.92683e-7 0 -1 0 0 -1 0 0 -1 0 0 -1 0 0 -1 0 0 -1 0 0 -1 -3.40809e-7 0 -1 0 0 -1 0 0 -1 0 0 -1 0 0 -1 0 0 -1 0 0 -1 0 0 -1 0 0 -1 0 0 -1 0 0 -1 0 0 -1 0 0 -1 0 0 -1 0 0 -1 -1.32364e-7 0 -1 0 0 -1 0 0 -1 0 0 -1 0 0 -1 0 0 -1 -1.57151e-7 0 -1 0 0 -1 0 0 -1 -5.33901e-7 0 -1 0 0 -1 -1.41771e-7 0 -1 0 0 -1 0 0 -1 0 0 -1 0 0 -1 0 0 -1 -2.47117e-7 0 -1 5.91218e-7 0 -1 1.46563e-7 0 -1 0 0 -1 0 0 -1 0 0 -1 0 0 -1 0 0 -1 0 0 -1 3.40025e-7 0 -1 0 0 -1 0 0 -1 0 0 -1 1.41502e-7 0 -1 5.37076e-7 0 -1 0 0 -1 0 0 -1 0 0 -1 0 0 -1 0 0 -1 0 0 -1 -1.08043e-5 0.1819616 -0.9833056 3.4913e-7 0.1554883 -0.9878377 1.46758e-5 0.1819611 -0.9833058 1.29034e-7 0.3151081 -0.9490559 -1.54739e-5 0.3680959 -0.9297879 -6.95618e-7 0.4720718 -0.8815602 4.47221e-6 0.5472085 -0.8369963 -1.741e-6 0.6188431 -0.7855147 -2.18032e-5 0.7071061 -0.7071076 -5.18307e-5 0.7477276 -0.6640057 -2.09501e-5 0.8369953 -0.54721 -2.19042e-5 0.8526269 -0.5225203 -3.34312e-5 0.9297859 -0.3681009 1.41692e-7 0.9297829 -0.3681088 -1.19738e-5 0.9780277 -0.2084754 1.52681e-5 0.9297881 -0.3680954 1.5102e-6 0.9833078 -0.1819503 7.29706e-6 1 0 -5.33182e-7 0.9833078 0.1819502 0 0.9780104 0.2085564 -1.1182e-6 0.9297934 0.3680817 -4.30504e-7 0.9072618 0.4205664 2.35531e-6 0.8369951 0.5472105 -1.20432e-6 0.785535 0.6188174 -4.53647e-6 0.707108 0.7071056 -1.18645e-6 0.6188085 0.785542 -2.6667e-5 0.5471752 0.8370181 0 0.4205473 0.9072707 -2.49362e-6 0.3680822 0.9297933 4.35318e-6 0.2085447 0.9780129 -1.35275e-6 0.1819592 0.9833061 -6.90343e-7 0.1819595 0.983306 -8.96136e-6 0.9833192 -0.1818886 0 1 2.14326e-7 -2.49577e-6 0.9833102 0.1819373 2.70928e-7 0.9297864 0.3680997 -6.71903e-6 0.8369894 0.5472192 6.25523e-5 0.7071058 0.7071078 -4.76046e-6 0.5472162 0.8369914 2.14871e-6 0.368094 0.9297887 -2.98927e-5 0.8369961 -0.547209 2.66917e-6 0.7071045 -0.7071092 -1.70767e-5 0.5472091 -0.836996 3.1556e-5 0.3680992 -0.9297865 1 -3.95021e-7 0 1 -8.3849e-7 0 1 -1.79271e-7 0 1 -4.45029e-7 0 1 3.96302e-7 0 1 9.92064e-7 0 1 0 0 1 -9.92064e-7 0 1 5.06121e-7 0 1 -1.47694e-6 0 1 -1.48919e-6 0 1 2.42437e-7 0 1 -2.5306e-7 0 1 -8.40051e-7 0 1 8.40051e-7 0 1 2.5306e-7 0 1 -2.42437e-7 0 1 -4.96395e-7 0 1 -5.0719e-7 0 1 -5.06122e-7 0 1 9.92063e-7 0 1 0 0 1 -9.92064e-7 0 1 -3.96302e-7 0 -0.9999994 0.001095056 0 -0.9999994 0.00109601 -6.38695e-7 -0.9999994 0.001095771 0 -0.9999994 0.001095116 -1.53854e-6 -0.9999995 0.001094996 2.30124e-6 -0.9999995 0.001097559 -2.92298e-6 -0.9999995 0.001096069 -6.77686e-7 -0.9999994 0.001095831 0 -0.9999995 0.001095354 -1.17221e-6 -0.9999994 0.001095533 -1.87281e-6 -0.9999994 0.00109595 3.62764e-7 -0.9999994 0.001093864 7.3179e-7 -0.9999994 0.001096725 -1.07688e-6 -0.9999994 0.001098453 9.96412e-7 -0.9999995 0.00109589 1.95816e-7 -0.9999994 0.001098275 5.41999e-7 -0.9999994 0.001098155 -2.74172e-7 -0.9999994 0.001095831 0 -0.9999995 0.001099407 -1.15582e-6 -0.9999994 0.001096308 7.88096e-7 -0.9999994 0.001093804 -2.18757e-7 -0.9999994 0.001096069 -6.791e-7 -0.9999994 0.001096308 -1.2607e-6 -0.9999995 0.001128137 -2.90376e-6 -0.9999994 0.001093626 -3.62488e-6 -0.9999995 0.001097977 -5.74577e-6 -0.9999994 0.001105785 2.1234e-5 -0.9999994 0.001095175 3.53515e-7 -0.9999994 0.001095831 0 -0.9999994 0.001095712 9.99551e-7 -0.9999994 0.00109589 3.6906e-7 0 0 1 0 0 1 0 0 1 1.36716e-7 0 1 0 0 1 0 0 1 0 0 1 0 0 1 -0.7071068 -0.7071068 0 -0.7071068 -0.7071068 0 -0.7071068 -0.7071068 0 -0.7071068 -0.7071068 1.23725e-7 -0.7071068 -0.7071068 1.23725e-7 0.9999994 -0.001093745 -4.62612e-7 0.9999994 -0.001095533 -5.44391e-7 0.9999994 -0.00109589 0 0.9999995 -0.00109589 9.1004e-7 0.9999994 -0.001095712 5.53348e-7 0.9999994 -0.001096725 -3.86356e-7 0.9999994 -0.001095294 0 0.9999994 -0.001094996 6.21968e-7 0.9999994 -0.00109589 -1.88682e-6 0.9999994 -0.001096129 4.1357e-7 0.9999995 -0.00109595 1.4432e-7 0.9999994 -0.001095831 0 0.9999994 -0.001095294 -1.11658e-6 0.9999994 -0.001093983 -8.17161e-7 0.9999994 -0.0010975 1.91671e-6 0.9999994 -0.001096904 -1.07352e-6 0.9999994 -0.001094937 2.42533e-7 0.9999994 -0.001094102 6.7388e-7 0.9999994 -0.001093804 -8.94182e-7 0.9999995 -0.001097381 5.72082e-7 0.9999995 -0.001097142 4.33944e-7 0.9999994 -0.00109595 0 0.9999995 -0.001097679 -3.37479e-7 0.9999994 -0.001095294 -5.09558e-7 0.9999994 -0.001096367 8.28447e-7 0.9999994 -0.00109893 -9.21782e-7 0.9999995 -0.001094877 -5.44485e-7 0.9999994 -0.001095235 0 0.9999994 -0.001086056 -8.6357e-6 0.9999995 -0.001094281 0 0.9999995 -0.001098752 -7.17413e-7 0.9999995 -0.001058161 6.38018e-6 0.9999994 -0.001095592 0 0.9999994 -0.001095831 0 0.9999994 -0.001096367 1.60911e-7 0.9999994 -0.001095831 0 0.9999994 -0.001092731 -4.51926e-7 0.7071069 0.7071067 0 0.7071069 0.7071068 0 -0.7071068 0.7071067 0 -0.7071068 0.7071068 0 -0.7071068 0.7071068 0 -0.7071069 0.7071067 -1.24303e-7 -0.7071068 0.7071068 -1.24303e-7 0.7071068 -0.7071067 0 0.7071068 -0.7071068 0 0.7071068 -0.7071068 0 0.7071067 -0.7071068 0</float_array>
          <technique_common>
            <accessor source="#base_link-mesh-normals-array" count="914" stride="3">
              <param name="X" type="float"/>
              <param name="Y" type="float"/>
              <param name="Z" type="float"/>
            </accessor>
          </technique_common>
        </source>
        <source id="base_link-mesh-map-0">
          <float_array id="base_link-mesh-map-0-array" count="8760">0.04829317 0 -0.04999995 0 0.04836946 -0.06766253 0.04836946 -0.06766253 -0.04999995 0 -6.43682e-4 -0.07732862 0.04836946 -0.06766253 -6.43682e-4 -0.07732862 0.04844754 -0.1353251 0.04844754 -0.1353251 -6.43682e-4 -0.07732862 -6.43682e-4 -0.1546572 0.04844754 -0.1353251 -6.43682e-4 -0.1546572 0.04852271 -0.2029876 0.04852271 -0.2029876 -6.43682e-4 -0.1546572 -6.43682e-4 -0.2319858 0.04852271 -0.2029876 -6.43682e-4 -0.2319858 0.04858976 -0.2706502 0.04858976 -0.2706502 -6.43682e-4 -0.2319858 -6.43682e-4 -0.3093145 0.04858976 -0.2706502 -6.43682e-4 -0.3093145 0.04864424 -0.3383127 0.04864424 -0.3383127 -6.43682e-4 -0.3093145 -6.43682e-4 -0.3866431 0.04864424 -0.3383127 -6.43682e-4 -0.3866431 0.04868316 -0.4059752 0.04868316 -0.4059752 -6.43682e-4 -0.3866431 -6.43682e-4 -0.4639717 0.04868316 -0.4059752 -6.43682e-4 -0.4639717 0.04870563 -0.4736378 0.04870563 -0.4736378 -6.43682e-4 -0.4639717 -6.43682e-4 -0.5413004 0.04870563 -0.4736378 -6.43682e-4 -0.5413004 0.04871261 -0.5413004 0.04871261 -0.5413004 -6.43682e-4 -0.5413004 0.04870563 -0.6089629 0.04870563 -0.6089629 -6.43682e-4 -0.5413004 -6.43682e-4 -0.618629 0.04870563 -0.6089629 -6.43682e-4 -0.618629 0.04868316 -0.6766254 0.04868316 -0.6766254 -6.43682e-4 -0.618629 -6.43682e-4 -0.6766254 0.04868316 -0.6766254 -6.43682e-4 -0.6766254 -6.43682e-4 -0.7346219 -6.43682e-4 -0.7346219 -6.43682e-4 -0.6766254 -0.04999995 -0.6766254 -6.43682e-4 -0.7346219 -0.04999995 -0.6766254 -0.04999995 -0.744288 -0.04999995 0 -0.04999995 -0.06766253 -6.43682e-4 -0.07732862 -6.43682e-4 -0.07732862 -0.04999995 -0.06766253 -0.04999995 -0.1353251 -6.43682e-4 -0.07732862 -0.04999995 -0.1353251 -6.43682e-4 -0.1546572 -6.43682e-4 -0.1546572 -0.04999995 -0.1353251 -0.04999995 -0.2029876 -6.43682e-4 -0.1546572 -0.04999995 -0.2029876 -6.43682e-4 -0.2319858 -6.43682e-4 -0.2319858 -0.04999995 -0.2029876 -0.04999995 -0.2706502 -6.43682e-4 -0.2319858 -0.04999995 -0.2706502 -6.43682e-4 -0.3093145 -6.43682e-4 -0.3093145 -0.04999995 -0.2706502 -0.04999995 -0.3383127 -6.43682e-4 -0.3093145 -0.04999995 -0.3383127 -6.43682e-4 -0.3866431 -6.43682e-4 -0.3866431 -0.04999995 -0.3383127 -0.04999995 -0.4059752 -6.43682e-4 -0.3866431 -0.04999995 -0.4059752 -6.43682e-4 -0.4639717 -6.43682e-4 -0.4639717 -0.04999995 -0.4059752 -0.04999995 -0.4736378 -6.43682e-4 -0.4639717 -0.04999995 -0.4736378 -6.43682e-4 -0.5413004 -6.43682e-4 -0.5413004 -0.04999995 -0.4736378 -0.04999995 -0.5413004 -6.43682e-4 -0.5413004 -0.04999995 -0.5413004 -0.04999995 -0.6089629 -6.43682e-4 -0.5413004 -0.04999995 -0.6089629 -6.43682e-4 -0.618629 -6.43682e-4 -0.618629 -0.04999995 -0.6089629 -0.04999995 -0.6766254 -6.43682e-4 -0.618629 -0.04999995 -0.6766254 -6.43682e-4 -0.6766254 -6.43682e-4 -0.7346219 -0.04999995 -0.744288 -6.43682e-4 -0.7926183 -6.43682e-4 -0.7926183 -0.04999995 -0.744288 -0.04999995 -0.8119505 -6.43682e-4 -0.7926183 -0.04999995 -0.8119505 -6.43682e-4 -0.8506148 -6.43682e-4 -0.8506148 -0.04999995 -0.8119505 -0.04999995 -0.8796131 -6.43682e-4 -0.8506148 -0.04999995 -0.8796131 -6.43682e-4 -0.9086113 -6.43682e-4 -0.9086113 -0.04999995 -0.8796131 -0.04999995 -0.9472756 -6.43682e-4 -0.9086113 -0.04999995 -0.9472756 -6.43682e-4 -0.9666078 -6.43682e-4 -0.9666078 -0.04999995 -0.9472756 -0.04999995 -1.014938 -6.43682e-4 -0.9666078 -0.04999995 -1.014938 -6.43682e-4 -1.024604 -6.43682e-4 -1.024604 -0.04999995 -1.014938 -0.04999995 -1.082601 -6.43682e-4 -1.024604 -0.04999995 -1.082601 0.04829317 -1.082601 0.04829317 -1.082601 0.04836946 -1.014938 -6.43682e-4 -1.024604 -6.43682e-4 -1.024604 0.04836946 -1.014938 -6.43682e-4 -0.9666078 0.04836946 -1.014938 0.04844754 -0.9472756 -6.43682e-4 -0.9666078 -6.43682e-4 -0.9666078 0.04844754 -0.9472756 -6.43682e-4 -0.9086113 0.04844754 -0.9472756 0.04852271 -0.8796131 -6.43682e-4 -0.9086113 -6.43682e-4 -0.9086113 0.04852271 -0.8796131 -6.43682e-4 -0.8506148 0.04852271 -0.8796131 0.04858976 -0.8119505 -6.43682e-4 -0.8506148 -6.43682e-4 -0.8506148 0.04858976 -0.8119505 -6.43682e-4 -0.7926183 0.04858976 -0.8119505 0.04864424 -0.744288 -6.43682e-4 -0.7926183 -6.43682e-4 -0.7926183 0.04864424 -0.744288 -6.43682e-4 -0.7346219 0.04864424 -0.744288 0.04868316 -0.6766254 -6.43682e-4 -0.7346219 0.04970377 0 -0.04999995 0 0.04962748 -0.06766253 0.04962748 -0.06766253 -0.04999995 0 -1.48096e-4 -0.07732862 0.04962748 -0.06766253 -1.48096e-4 -0.07732862 0.0495494 -0.1353251 0.0495494 -0.1353251 -1.48096e-4 -0.07732862 -1.48096e-4 -0.1546572 0.0495494 -0.1353251 -1.48096e-4 -0.1546572 0.04947423 -0.2029876 0.04947423 -0.2029876 -1.48096e-4 -0.1546572 -1.48096e-4 -0.2319858 0.04947423 -0.2029876 -1.48096e-4 -0.2319858 0.04940718 -0.2706502 0.04940718 -0.2706502 -1.48096e-4 -0.2319858 -1.48096e-4 -0.3093145 0.04940718 -0.2706502 -1.48096e-4 -0.3093145 0.0493527 -0.3383127 0.0493527 -0.3383127 -1.48096e-4 -0.3093145 -1.48096e-4 -0.3866431 0.0493527 -0.3383127 -1.48096e-4 -0.3866431 0.04931378 -0.4059752 0.04931378 -0.4059752 -1.48096e-4 -0.3866431 -1.48096e-4 -0.4639717 0.04931378 -0.4059752 -1.48096e-4 -0.4639717 0.04929131 -0.4736378 0.04929131 -0.4736378 -1.48096e-4 -0.4639717 -1.48096e-4 -0.5413004 0.04929131 -0.4736378 -1.48096e-4 -0.5413004 0.04928433 -0.5413004 0.04928433 -0.5413004 -1.48096e-4 -0.5413004 0.04929131 -0.6089629 0.04929131 -0.6089629 -1.48096e-4 -0.5413004 -1.48096e-4 -0.618629 0.04929131 -0.6089629 -1.48096e-4 -0.618629 0.04931378 -0.6766254 0.04931378 -0.6766254 -1.48096e-4 -0.618629 -1.48096e-4 -0.6766254 0.04931378 -0.6766254 -1.48096e-4 -0.6766254 -1.48096e-4 -0.7346219 -1.48096e-4 -0.7346219 -1.48096e-4 -0.6766254 -0.04999995 -0.6766254 -1.48096e-4 -0.7346219 -0.04999995 -0.6766254 -0.04999995 -0.744288 -0.04999995 0 -0.04999995 -0.06766253 -1.48096e-4 -0.07732862 -1.48096e-4 -0.07732862 -0.04999995 -0.06766253 -0.04999995 -0.1353251 -1.48096e-4 -0.07732862 -0.04999995 -0.1353251 -1.48096e-4 -0.1546572 -1.48096e-4 -0.1546572 -0.04999995 -0.1353251 -0.04999995 -0.2029876 -1.48096e-4 -0.1546572 -0.04999995 -0.2029876 -1.48096e-4 -0.2319858 -1.48096e-4 -0.2319858 -0.04999995 -0.2029876 -0.04999995 -0.2706502 -1.48096e-4 -0.2319858 -0.04999995 -0.2706502 -1.48096e-4 -0.3093145 -1.48096e-4 -0.3093145 -0.04999995 -0.2706502 -0.04999995 -0.3383127 -1.48096e-4 -0.3093145 -0.04999995 -0.3383127 -1.48096e-4 -0.3866431 -1.48096e-4 -0.3866431 -0.04999995 -0.3383127 -0.04999995 -0.4059752 -1.48096e-4 -0.3866431 -0.04999995 -0.4059752 -1.48096e-4 -0.4639717 -1.48096e-4 -0.4639717 -0.04999995 -0.4059752 -0.04999995 -0.4736378 -1.48096e-4 -0.4639717 -0.04999995 -0.4736378 -1.48096e-4 -0.5413004 -1.48096e-4 -0.5413004 -0.04999995 -0.4736378 -0.04999995 -0.5413004 -1.48096e-4 -0.5413004 -0.04999995 -0.5413004 -0.04999995 -0.6089629 -1.48096e-4 -0.5413004 -0.04999995 -0.6089629 -1.48096e-4 -0.618629 -1.48096e-4 -0.618629 -0.04999995 -0.6089629 -0.04999995 -0.6766254 -1.48096e-4 -0.618629 -0.04999995 -0.6766254 -1.48096e-4 -0.6766254 -1.48096e-4 -0.7346219 -0.04999995 -0.744288 -1.48096e-4 -0.7926183 -1.48096e-4 -0.7926183 -0.04999995 -0.744288 -0.04999995 -0.8119505 -1.48096e-4 -0.7926183 -0.04999995 -0.8119505 -1.48096e-4 -0.8506148 -1.48096e-4 -0.8506148 -0.04999995 -0.8119505 -0.04999995 -0.8796131 -1.48096e-4 -0.8506148 -0.04999995 -0.8796131 -1.48096e-4 -0.9086113 -1.48096e-4 -0.9086113 -0.04999995 -0.8796131 -0.04999995 -0.9472756 -1.48096e-4 -0.9086113 -0.04999995 -0.9472756 -1.48096e-4 -0.9666078 -1.48096e-4 -0.9666078 -0.04999995 -0.9472756 -0.04999995 -1.014938 -1.48096e-4 -0.9666078 -0.04999995 -1.014938 -1.48096e-4 -1.024604 -1.48096e-4 -1.024604 -0.04999995 -1.014938 -0.04999995 -1.082601 -1.48096e-4 -1.024604 -0.04999995 -1.082601 0.04970377 -1.082601 0.04970377 -1.082601 0.04962748 -1.014938 -1.48096e-4 -1.024604 -1.48096e-4 -1.024604 0.04962748 -1.014938 -1.48096e-4 -0.9666078 0.04962748 -1.014938 0.0495494 -0.9472756 -1.48096e-4 -0.9666078 -1.48096e-4 -0.9666078 0.0495494 -0.9472756 -1.48096e-4 -0.9086113 0.0495494 -0.9472756 0.04947423 -0.8796131 -1.48096e-4 -0.9086113 -1.48096e-4 -0.9086113 0.04947423 -0.8796131 -1.48096e-4 -0.8506148 0.04947423 -0.8796131 0.04940718 -0.8119505 -1.48096e-4 -0.8506148 -1.48096e-4 -0.8506148 0.04940718 -0.8119505 -1.48096e-4 -0.7926183 0.04940718 -0.8119505 0.0493527 -0.744288 -1.48096e-4 -0.7926183 -1.48096e-4 -0.7926183 0.0493527 -0.744288 -1.48096e-4 -0.7346219 0.0493527 -0.744288 0.04931378 -0.6766254 -1.48096e-4 -0.7346219 1.029874 -0.08564144 0.9077035 0 0.9077035 -0.08564144 0.9077035 -0.08564144 0.9077035 0 0.7855326 0 0.9077035 -0.08564144 0.7855326 0 0.7855326 -0.08564144 0.7855326 -0.08564144 0.7855326 0 0.6633617 0 0.7855326 -0.08564144 0.6633617 0 0.6633617 -0.08564144 0.6633617 -0.08564144 0.6633617 0 0.5411908 0 0.6633617 -0.08564144 0.5411908 0 0.5411908 -0.08564144 0.5411908 -0.08564144 0.5411908 0 0.4190199 0 0.5411908 -0.08564144 0.4190199 0 0.4190199 -0.08564144 0.4190199 -0.08564144 0.4190199 0 0.296849 0 0.4190199 -0.08564144 0.296849 0 0.296849 -0.08564144 0.296849 -0.08564144 0.296849 0 0.174678 0 0.296849 -0.08564144 0.174678 0 0.174678 -0.08564144 0.174678 -0.08564144 0.174678 0 0.05250716 -0.07493627 0.174678 -0.08564144 0.05250716 -0.07493627 0.05250716 -0.1498725 0.174678 0 0.05250716 0 0.05250716 -0.07493627 0.174678 -0.08564144 0.05250716 -0.1498725 0.174678 -0.1712828 0.174678 -0.1712828 0.05250716 -0.1498725 0.05250716 -0.2248088 0.174678 -0.1712828 0.05250716 -0.2248088 0.174678 -0.2569243 0.174678 -0.2569243 0.05250716 -0.2248088 0.05250716 -0.299745 0.174678 -0.2569243 0.05250716 -0.299745 0.174678 -0.3425657 0.174678 -0.3425657 0.05250716 -0.299745 0.05250716 -0.3746813 0.174678 -0.3425657 0.05250716 -0.3746813 0.174678 -0.4282072 0.174678 -0.4282072 0.05250716 -0.3746813 0.05250716 -0.4496176 0.174678 -0.4282072 0.05250716 -0.4496176 0.174678 -0.5138486 0.174678 -0.5138486 0.05250716 -0.4496176 0.05250716 -0.5245538 0.174678 -0.5138486 0.05250716 -0.5245538 0.174678 -0.5994901 0.174678 -0.5994901 0.05250716 -0.5245538 0.05250716 -0.5994901 0.174678 -0.5994901 0.05250716 -0.5994901 0.05250716 -0.6744264 0.174678 -0.5994901 0.05250716 -0.6744264 0.174678 -0.6851315 0.174678 -0.6851315 0.05250716 -0.6744264 0.05250716 -0.7493627 0.174678 -0.6851315 0.05250716 -0.7493627 0.174678 -0.7493627 0.174678 -0.7493627 0.05250716 -0.7493627 0.174678 -0.8135937 0.174678 -0.7493627 0.174678 -0.8135937 0.296849 -0.8135937 0.296849 -0.8135937 0.174678 -0.8135937 0.296849 -0.8778248 0.296849 -0.8135937 0.296849 -0.8778248 0.4190199 -0.8778248 0.4190199 -0.8778248 0.296849 -0.8778248 0.4190199 -0.9420559 0.4190199 -0.8778248 0.4190199 -0.9420559 0.5411908 -0.9420559 0.5411908 -0.9420559 0.4190199 -0.9420559 0.5411908 -1.006287 0.5411908 -0.9420559 0.5411908 -1.006287 0.6633617 -1.006287 0.6633617 -1.006287 0.5411908 -1.006287 0.6633617 -1.070518 0.6633617 -1.006287 0.6633617 -1.070518 0.7855326 -1.070518 0.7855326 -1.070518 0.6633617 -1.070518 0.7855326 -1.134749 0.7855326 -1.070518 0.7855326 -1.134749 0.9077035 -1.134749 0.9077035 -1.134749 0.7855326 -1.134749 0.9077035 -1.19898 0.9077035 -1.134749 0.9077035 -1.19898 1.029874 -1.19898 0.05250716 -0.7493627 0.05250716 -0.8242989 0.174678 -0.8135937 0.174678 -0.8135937 0.05250716 -0.8242989 0.174678 -0.8778248 0.174678 -0.8135937 0.174678 -0.8778248 0.296849 -0.8778248 0.296849 -0.8778248 0.174678 -0.8778248 0.296849 -0.9420559 0.296849 -0.8778248 0.296849 -0.9420559 0.4190199 -0.9420559 0.4190199 -0.9420559 0.296849 -0.9420559 0.4190199 -1.006287 0.4190199 -0.9420559 0.4190199 -1.006287 0.5411908 -1.006287 0.5411908 -1.006287 0.4190199 -1.006287 0.5411908 -1.070518 0.5411908 -1.006287 0.5411908 -1.070518 0.6633617 -1.070518 0.6633617 -1.070518 0.5411908 -1.070518 0.6633617 -1.134749 0.6633617 -1.070518 0.6633617 -1.134749 0.7855326 -1.134749 0.7855326 -1.134749 0.6633617 -1.134749 0.7855326 -1.19898 0.7855326 -1.134749 0.7855326 -1.19898 0.9077035 -1.19898 0.05250716 -0.8242989 0.05250716 -0.8992352 0.174678 -0.8778248 0.174678 -0.8778248 0.05250716 -0.8992352 0.174678 -0.9420559 0.174678 -0.8778248 0.174678 -0.9420559 0.296849 -0.9420559 0.296849 -0.9420559 0.174678 -0.9420559 0.296849 -1.006287 0.296849 -0.9420559 0.296849 -1.006287 0.4190199 -1.006287 0.4190199 -1.006287 0.296849 -1.006287 0.4190199 -1.070518 0.4190199 -1.006287 0.4190199 -1.070518 0.5411908 -1.070518 0.5411908 -1.070518 0.4190199 -1.070518 0.5411908 -1.134749 0.5411908 -1.070518 0.5411908 -1.134749 0.6633617 -1.134749 0.6633617 -1.134749 0.5411908 -1.134749 0.6633617 -1.19898 0.6633617 -1.134749 0.6633617 -1.19898 0.7855326 -1.19898 0.05250716 -0.8992352 0.05250716 -0.9741715 0.174678 -0.9420559 0.174678 -0.9420559 0.05250716 -0.9741715 0.174678 -1.006287 0.174678 -0.9420559 0.174678 -1.006287 0.296849 -1.006287 0.296849 -1.006287 0.174678 -1.006287 0.296849 -1.070518 0.296849 -1.006287 0.296849 -1.070518 0.4190199 -1.070518 0.4190199 -1.070518 0.296849 -1.070518 0.4190199 -1.134749 0.4190199 -1.070518 0.4190199 -1.134749 0.5411908 -1.134749 0.5411908 -1.134749 0.4190199 -1.134749 0.5411908 -1.19898 0.5411908 -1.134749 0.5411908 -1.19898 0.6633617 -1.19898 0.05250716 -0.9741715 0.05250716 -1.049108 0.174678 -1.006287 0.174678 -1.006287 0.05250716 -1.049108 0.174678 -1.070518 0.174678 -1.006287 0.174678 -1.070518 0.296849 -1.070518 0.296849 -1.070518 0.174678 -1.070518 0.296849 -1.134749 0.296849 -1.070518 0.296849 -1.134749 0.4190199 -1.134749 0.4190199 -1.134749 0.296849 -1.134749 0.4190199 -1.19898 0.4190199 -1.134749 0.4190199 -1.19898 0.5411908 -1.19898 0.05250716 -1.049108 0.05250716 -1.124044 0.174678 -1.070518 0.174678 -1.070518 0.05250716 -1.124044 0.174678 -1.134749 0.174678 -1.070518 0.174678 -1.134749 0.296849 -1.134749 0.296849 -1.134749 0.174678 -1.134749 0.296849 -1.19898 0.296849 -1.134749 0.296849 -1.19898 0.4190199 -1.19898 0.05250716 -1.124044 0.05250716 -1.19898 0.174678 -1.134749 0.174678 -1.134749 0.05250716 -1.19898 0.174678 -1.19898 0.174678 -1.134749 0.174678 -1.19898 0.296849 -1.19898 0.9077035 -1.134749 1.029874 -1.134749 0.9077035 -1.070518 0.9077035 -1.070518 1.029874 -1.070518 0.9077035 -1.006287 0.9077035 -1.006287 1.029874 -1.006287 0.9077035 -0.9420559 0.9077035 -0.9420559 1.029874 -0.9420559 0.9077035 -0.8778248 0.9077035 -0.8778248 1.029874 -0.8778248 0.9077035 -0.8135937 0.9077035 -0.8135937 1.029874 -0.8135937 0.9077035 -0.7493626 0.9077035 -0.7493626 1.029874 -0.7493626 0.9077035 -0.6851315 0.9077035 -0.6851315 1.029874 -0.6851315 0.9077035 -0.5994901 0.9077035 -0.5994901 1.029874 -0.5994901 0.9077035 -0.5138486 0.9077035 -0.5138486 1.029874 -0.5138486 0.9077035 -0.4282072 0.9077035 -0.4282072 1.029874 -0.4282072 0.9077035 -0.3425657 0.9077035 -0.3425657 1.029874 -0.3425657 0.9077035 -0.2569243 0.9077035 -0.2569243 1.029874 -0.2569243 0.9077035 -0.1712828 0.9077035 -0.1712828 1.029874 -0.1712828 0.9077035 -0.08564144 0.296849 -0.08564144 0.174678 -0.08564144 0.296849 -0.1712828 0.296849 -0.1712828 0.174678 -0.08564144 0.174678 -0.1712828 0.296849 -0.1712828 0.174678 -0.1712828 0.296849 -0.2569243 0.296849 -0.2569243 0.174678 -0.1712828 0.174678 -0.2569243 0.296849 -0.2569243 0.174678 -0.2569243 0.296849 -0.3425657 0.296849 -0.3425657 0.174678 -0.2569243 0.174678 -0.3425657 0.296849 -0.3425657 0.174678 -0.3425657 0.296849 -0.4282072 0.296849 -0.4282072 0.174678 -0.3425657 0.174678 -0.4282072 0.296849 -0.4282072 0.174678 -0.4282072 0.296849 -0.5138486 0.296849 -0.5138486 0.174678 -0.4282072 0.174678 -0.5138486 0.296849 -0.5138486 0.174678 -0.5138486 0.296849 -0.5994901 0.296849 -0.5994901 0.174678 -0.5138486 0.174678 -0.5994901 0.296849 -0.5994901 0.174678 -0.5994901 0.296849 -0.6851315 0.296849 -0.6851315 0.174678 -0.5994901 0.174678 -0.6851315 0.296849 -0.6851315 0.174678 -0.6851315 0.296849 -0.7493627 0.296849 -0.7493627 0.174678 -0.6851315 0.174678 -0.7493627 0.296849 -0.7493627 0.174678 -0.7493627 0.296849 -0.8135937 0.4190199 -0.08564144 0.296849 -0.08564144 0.4190199 -0.1712828 0.4190199 -0.1712828 0.296849 -0.08564144 0.296849 -0.1712828 0.4190199 -0.1712828 0.296849 -0.1712828 0.4190199 -0.2569243 0.4190199 -0.2569243 0.296849 -0.1712828 0.296849 -0.2569243 0.4190199 -0.2569243 0.296849 -0.2569243 0.4190199 -0.3425657 0.4190199 -0.3425657 0.296849 -0.2569243 0.296849 -0.3425657 0.4190199 -0.3425657 0.296849 -0.3425657 0.4190199 -0.4282072 0.4190199 -0.4282072 0.296849 -0.3425657 0.296849 -0.4282072 0.4190199 -0.4282072 0.296849 -0.4282072 0.4190199 -0.5138486 0.4190199 -0.5138486 0.296849 -0.4282072 0.296849 -0.5138486 0.4190199 -0.5138486 0.296849 -0.5138486 0.4190199 -0.5994901 0.4190199 -0.5994901 0.296849 -0.5138486 0.296849 -0.5994901 0.4190199 -0.5994901 0.296849 -0.5994901 0.4190199 -0.6851315 0.4190199 -0.6851315 0.296849 -0.5994901 0.296849 -0.6851315 0.4190199 -0.6851315 0.296849 -0.6851315 0.4190199 -0.7493627 0.4190199 -0.7493627 0.296849 -0.6851315 0.296849 -0.7493627 0.4190199 -0.7493627 0.296849 -0.7493627 0.4190199 -0.8135937 0.4190199 -0.8135937 0.296849 -0.7493627 0.296849 -0.8135937 0.4190199 -0.8135937 0.296849 -0.8135937 0.4190199 -0.8778248 0.5411908 -0.08564144 0.4190199 -0.08564144 0.5411908 -0.1712828 0.5411908 -0.1712828 0.4190199 -0.08564144 0.4190199 -0.1712828 0.5411908 -0.1712828 0.4190199 -0.1712828 0.5411908 -0.2569243 0.5411908 -0.2569243 0.4190199 -0.1712828 0.4190199 -0.2569243 0.5411908 -0.2569243 0.4190199 -0.2569243 0.5411908 -0.3425657 0.5411908 -0.3425657 0.4190199 -0.2569243 0.4190199 -0.3425657 0.5411908 -0.3425657 0.4190199 -0.3425657 0.5411908 -0.4282072 0.5411908 -0.4282072 0.4190199 -0.3425657 0.4190199 -0.4282072 0.5411908 -0.4282072 0.4190199 -0.4282072 0.5411908 -0.5138486 0.5411908 -0.5138486 0.4190199 -0.4282072 0.4190199 -0.5138486 0.5411908 -0.5138486 0.4190199 -0.5138486 0.5411908 -0.5994901 0.5411908 -0.5994901 0.4190199 -0.5138486 0.4190199 -0.5994901 0.5411908 -0.5994901 0.4190199 -0.5994901 0.5411908 -0.6851315 0.5411908 -0.6851315 0.4190199 -0.5994901 0.4190199 -0.6851315 0.5411908 -0.6851315 0.4190199 -0.6851315 0.5411908 -0.7493627 0.5411908 -0.7493627 0.4190199 -0.6851315 0.4190199 -0.7493627 0.5411908 -0.7493627 0.4190199 -0.7493627 0.5411908 -0.8135937 0.5411908 -0.8135937 0.4190199 -0.7493627 0.4190199 -0.8135937 0.5411908 -0.8135937 0.4190199 -0.8135937 0.5411908 -0.8778248 0.5411908 -0.8778248 0.4190199 -0.8135937 0.4190199 -0.8778248 0.5411908 -0.8778248 0.4190199 -0.8778248 0.5411908 -0.9420559 0.6633617 -0.08564144 0.5411908 -0.08564144 0.6633617 -0.1712828 0.6633617 -0.1712828 0.5411908 -0.08564144 0.5411908 -0.1712828 0.6633617 -0.1712828 0.5411908 -0.1712828 0.6633617 -0.2569243 0.6633617 -0.2569243 0.5411908 -0.1712828 0.5411908 -0.2569243 0.6633617 -0.2569243 0.5411908 -0.2569243 0.6633617 -0.3425657 0.6633617 -0.3425657 0.5411908 -0.2569243 0.5411908 -0.3425657 0.6633617 -0.3425657 0.5411908 -0.3425657 0.6633617 -0.4282072 0.6633617 -0.4282072 0.5411908 -0.3425657 0.5411908 -0.4282072 0.6633617 -0.4282072 0.5411908 -0.4282072 0.6633617 -0.5138486 0.6633617 -0.5138486 0.5411908 -0.4282072 0.5411908 -0.5138486 0.6633617 -0.5138486 0.5411908 -0.5138486 0.6633617 -0.5994901 0.6633617 -0.5994901 0.5411908 -0.5138486 0.5411908 -0.5994901 0.6633617 -0.5994901 0.5411908 -0.5994901 0.6633617 -0.6851315 0.6633617 -0.6851315 0.5411908 -0.5994901 0.5411908 -0.6851315 0.6633617 -0.6851315 0.5411908 -0.6851315 0.6633617 -0.7493626 0.6633617 -0.7493626 0.5411908 -0.6851315 0.5411908 -0.7493627 0.6633617 -0.7493626 0.5411908 -0.7493627 0.6633617 -0.8135937 0.6633617 -0.8135937 0.5411908 -0.7493627 0.5411908 -0.8135937 0.6633617 -0.8135937 0.5411908 -0.8135937 0.6633617 -0.8778248 0.6633617 -0.8778248 0.5411908 -0.8135937 0.5411908 -0.8778248 0.6633617 -0.8778248 0.5411908 -0.8778248 0.6633617 -0.9420559 0.6633617 -0.9420559 0.5411908 -0.8778248 0.5411908 -0.9420559 0.6633617 -0.9420559 0.5411908 -0.9420559 0.6633617 -1.006287 0.9077035 -0.1712828 0.9077035 -0.08564144 0.7855326 -0.08564144 0.7855326 -0.08564144 0.6633617 -0.08564144 0.7855326 -0.1712828 0.7855326 -0.1712828 0.6633617 -0.08564144 0.6633617 -0.1712828 0.7855326 -0.1712828 0.6633617 -0.1712828 0.7855326 -0.2569243 0.7855326 -0.2569243 0.6633617 -0.1712828 0.6633617 -0.2569243 0.7855326 -0.2569243 0.6633617 -0.2569243 0.7855326 -0.3425657 0.7855326 -0.3425657 0.6633617 -0.2569243 0.6633617 -0.3425657 0.7855326 -0.3425657 0.6633617 -0.3425657 0.7855326 -0.4282072 0.7855326 -0.4282072 0.6633617 -0.3425657 0.6633617 -0.4282072 0.7855326 -0.4282072 0.6633617 -0.4282072 0.7855326 -0.5138486 0.7855326 -0.5138486 0.6633617 -0.4282072 0.6633617 -0.5138486 0.7855326 -0.5138486 0.6633617 -0.5138486 0.7855326 -0.5994901 0.7855326 -0.5994901 0.6633617 -0.5138486 0.6633617 -0.5994901 0.7855326 -0.5994901 0.6633617 -0.5994901 0.7855326 -0.6851315 0.7855326 -0.6851315 0.6633617 -0.5994901 0.6633617 -0.6851315 0.7855326 -0.6851315 0.6633617 -0.6851315 0.7855326 -0.7493626 0.7855326 -0.7493626 0.6633617 -0.6851315 0.6633617 -0.7493626 0.7855326 -0.7493626 0.6633617 -0.7493626 0.7855326 -0.8135937 0.7855326 -0.8135937 0.6633617 -0.7493626 0.6633617 -0.8135937 0.7855326 -0.8135937 0.6633617 -0.8135937 0.7855326 -0.8778248 0.7855326 -0.8778248 0.6633617 -0.8135937 0.6633617 -0.8778248 0.7855326 -0.8778248 0.6633617 -0.8778248 0.7855326 -0.9420559 0.7855326 -0.9420559 0.6633617 -0.8778248 0.6633617 -0.9420559 0.7855326 -0.9420559 0.6633617 -0.9420559 0.7855326 -1.006287 0.7855326 -1.006287 0.6633617 -0.9420559 0.6633617 -1.006287 0.7855326 -1.006287 0.6633617 -1.006287 0.7855326 -1.070518 0.9077035 -0.2569243 0.9077035 -0.1712828 0.7855326 -0.1712828 0.7855326 -0.1712828 0.9077035 -0.1712828 0.7855326 -0.08564144 0.9077035 -0.2569243 0.7855326 -0.1712828 0.7855326 -0.2569243 0.9077035 -0.3425657 0.9077035 -0.2569243 0.7855326 -0.2569243 0.9077035 -0.3425657 0.7855326 -0.2569243 0.7855326 -0.3425657 0.9077035 -0.4282072 0.9077035 -0.3425657 0.7855326 -0.3425657 0.9077035 -0.4282072 0.7855326 -0.3425657 0.7855326 -0.4282072 0.9077035 -0.5138486 0.9077035 -0.4282072 0.7855326 -0.4282072 0.9077035 -0.5138486 0.7855326 -0.4282072 0.7855326 -0.5138486 0.9077035 -0.5994901 0.9077035 -0.5138486 0.7855326 -0.5138486 0.9077035 -0.5994901 0.7855326 -0.5138486 0.7855326 -0.5994901 0.9077035 -0.6851315 0.9077035 -0.5994901 0.7855326 -0.5994901 0.9077035 -0.6851315 0.7855326 -0.5994901 0.7855326 -0.6851315 0.9077035 -0.7493626 0.9077035 -0.6851315 0.7855326 -0.6851315 0.9077035 -0.7493626 0.7855326 -0.6851315 0.7855326 -0.7493626 0.9077035 -0.7493626 0.7855326 -0.7493626 0.9077035 -0.8135937 0.9077035 -0.8135937 0.7855326 -0.7493626 0.7855326 -0.8135937 0.9077035 -0.8135937 0.7855326 -0.8135937 0.9077035 -0.8778248 0.9077035 -0.8778248 0.7855326 -0.8135937 0.7855326 -0.8778248 0.9077035 -0.8778248 0.7855326 -0.8778248 0.9077035 -0.9420559 0.9077035 -0.9420559 0.7855326 -0.8778248 0.7855326 -0.9420559 0.9077035 -0.9420559 0.7855326 -0.9420559 0.9077035 -1.006287 0.9077035 -1.006287 0.7855326 -0.9420559 0.7855326 -1.006287 0.9077035 -1.006287 0.7855326 -1.006287 0.9077035 -1.070518 0.9077035 -1.070518 0.7855326 -1.006287 0.7855326 -1.070518 0.9077035 -1.070518 0.7855326 -1.070518 0.9077035 -1.134749 1.029874 -0.08564144 0.9077035 0 0.9077035 -0.08564144 0.9077035 -0.08564144 0.9077035 0 0.7855326 0 0.9077035 -0.08564144 0.7855326 0 0.7855326 -0.08564144 0.7855326 -0.08564144 0.7855326 0 0.6633617 0 0.7855326 -0.08564144 0.6633617 0 0.6633617 -0.08564144 0.6633617 -0.08564144 0.6633617 0 0.5411908 0 0.6633617 -0.08564144 0.5411908 0 0.5411908 -0.08564144 0.5411908 -0.08564144 0.5411908 0 0.4190199 0 0.5411908 -0.08564144 0.4190199 0 0.4190199 -0.08564144 0.4190199 -0.08564144 0.4190199 0 0.296849 0 0.4190199 -0.08564144 0.296849 0 0.296849 -0.08564144 0.296849 -0.08564144 0.296849 0 0.174678 0 0.296849 -0.08564144 0.174678 0 0.174678 -0.08564144 0.174678 -0.08564144 0.174678 0 0.05250716 -0.07493627 0.174678 -0.08564144 0.05250716 -0.07493627 0.05250716 -0.1498725 0.174678 0 0.05250716 0 0.05250716 -0.07493627 0.174678 -0.08564144 0.05250716 -0.1498725 0.174678 -0.1712828 0.174678 -0.1712828 0.05250716 -0.1498725 0.05250716 -0.2248088 0.174678 -0.1712828 0.05250716 -0.2248088 0.174678 -0.2569243 0.174678 -0.2569243 0.05250716 -0.2248088 0.05250716 -0.299745 0.174678 -0.2569243 0.05250716 -0.299745 0.174678 -0.3425657 0.174678 -0.3425657 0.05250716 -0.299745 0.05250716 -0.3746813 0.174678 -0.3425657 0.05250716 -0.3746813 0.174678 -0.4282072 0.174678 -0.4282072 0.05250716 -0.3746813 0.05250716 -0.4496176 0.174678 -0.4282072 0.05250716 -0.4496176 0.174678 -0.5138486 0.174678 -0.5138486 0.05250716 -0.4496176 0.05250716 -0.5245538 0.174678 -0.5138486 0.05250716 -0.5245538 0.174678 -0.5994901 0.174678 -0.5994901 0.05250716 -0.5245538 0.05250716 -0.5994901 0.174678 -0.5994901 0.05250716 -0.5994901 0.05250716 -0.6744264 0.174678 -0.5994901 0.05250716 -0.6744264 0.174678 -0.6851315 0.174678 -0.6851315 0.05250716 -0.6744264 0.05250716 -0.7493627 0.174678 -0.6851315 0.05250716 -0.7493627 0.174678 -0.7493627 0.174678 -0.7493627 0.05250716 -0.7493627 0.174678 -0.8135937 0.174678 -0.7493627 0.174678 -0.8135937 0.296849 -0.8135937 0.296849 -0.8135937 0.174678 -0.8135937 0.296849 -0.8778248 0.296849 -0.8135937 0.296849 -0.8778248 0.4190199 -0.8778248 0.4190199 -0.8778248 0.296849 -0.8778248 0.4190199 -0.9420559 0.4190199 -0.8778248 0.4190199 -0.9420559 0.5411908 -0.9420559 0.5411908 -0.9420559 0.4190199 -0.9420559 0.5411908 -1.006287 0.5411908 -0.9420559 0.5411908 -1.006287 0.6633617 -1.006287 0.6633617 -1.006287 0.5411908 -1.006287 0.6633617 -1.070518 0.6633617 -1.006287 0.6633617 -1.070518 0.7855326 -1.070518 0.7855326 -1.070518 0.6633617 -1.070518 0.7855326 -1.134749 0.7855326 -1.070518 0.7855326 -1.134749 0.9077035 -1.134749 0.9077035 -1.134749 0.7855326 -1.134749 0.9077035 -1.19898 0.9077035 -1.134749 0.9077035 -1.19898 1.029874 -1.19898 0.05250716 -0.7493627 0.05250716 -0.8242989 0.174678 -0.8135937 0.174678 -0.8135937 0.05250716 -0.8242989 0.174678 -0.8778248 0.174678 -0.8135937 0.174678 -0.8778248 0.296849 -0.8778248 0.296849 -0.8778248 0.174678 -0.8778248 0.296849 -0.9420559 0.296849 -0.8778248 0.296849 -0.9420559 0.4190199 -0.9420559 0.4190199 -0.9420559 0.296849 -0.9420559 0.4190199 -1.006287 0.4190199 -0.9420559 0.4190199 -1.006287 0.5411908 -1.006287 0.5411908 -1.006287 0.4190199 -1.006287 0.5411908 -1.070518 0.5411908 -1.006287 0.5411908 -1.070518 0.6633617 -1.070518 0.6633617 -1.070518 0.5411908 -1.070518 0.6633617 -1.134749 0.6633617 -1.070518 0.6633617 -1.134749 0.7855326 -1.134749 0.7855326 -1.134749 0.6633617 -1.134749 0.7855326 -1.19898 0.7855326 -1.134749 0.7855326 -1.19898 0.9077035 -1.19898 0.05250716 -0.8242989 0.05250716 -0.8992352 0.174678 -0.8778248 0.174678 -0.8778248 0.05250716 -0.8992352 0.174678 -0.9420559 0.174678 -0.8778248 0.174678 -0.9420559 0.296849 -0.9420559 0.296849 -0.9420559 0.174678 -0.9420559 0.296849 -1.006287 0.296849 -0.9420559 0.296849 -1.006287 0.4190199 -1.006287 0.4190199 -1.006287 0.296849 -1.006287 0.4190199 -1.070518 0.4190199 -1.006287 0.4190199 -1.070518 0.5411908 -1.070518 0.5411908 -1.070518 0.4190199 -1.070518 0.5411908 -1.134749 0.5411908 -1.070518 0.5411908 -1.134749 0.6633617 -1.134749 0.6633617 -1.134749 0.5411908 -1.134749 0.6633617 -1.19898 0.6633617 -1.134749 0.6633617 -1.19898 0.7855326 -1.19898 0.05250716 -0.8992352 0.05250716 -0.9741715 0.174678 -0.9420559 0.174678 -0.9420559 0.05250716 -0.9741715 0.174678 -1.006287 0.174678 -0.9420559 0.174678 -1.006287 0.296849 -1.006287 0.296849 -1.006287 0.174678 -1.006287 0.296849 -1.070518 0.296849 -1.006287 0.296849 -1.070518 0.4190199 -1.070518 0.4190199 -1.070518 0.296849 -1.070518 0.4190199 -1.134749 0.4190199 -1.070518 0.4190199 -1.134749 0.5411908 -1.134749 0.5411908 -1.134749 0.4190199 -1.134749 0.5411908 -1.19898 0.5411908 -1.134749 0.5411908 -1.19898 0.6633617 -1.19898 0.05250716 -0.9741715 0.05250716 -1.049108 0.174678 -1.006287 0.174678 -1.006287 0.05250716 -1.049108 0.174678 -1.070518 0.174678 -1.006287 0.174678 -1.070518 0.296849 -1.070518 0.296849 -1.070518 0.174678 -1.070518 0.296849 -1.134749 0.296849 -1.070518 0.296849 -1.134749 0.4190199 -1.134749 0.4190199 -1.134749 0.296849 -1.134749 0.4190199 -1.19898 0.4190199 -1.134749 0.4190199 -1.19898 0.5411908 -1.19898 0.05250716 -1.049108 0.05250716 -1.124044 0.174678 -1.070518 0.174678 -1.070518 0.05250716 -1.124044 0.174678 -1.134749 0.174678 -1.070518 0.174678 -1.134749 0.296849 -1.134749 0.296849 -1.134749 0.174678 -1.134749 0.296849 -1.19898 0.296849 -1.134749 0.296849 -1.19898 0.4190199 -1.19898 0.05250716 -1.124044 0.05250716 -1.19898 0.174678 -1.134749 0.174678 -1.134749 0.05250716 -1.19898 0.174678 -1.19898 0.174678 -1.134749 0.174678 -1.19898 0.296849 -1.19898 0.9077035 -1.134749 1.029874 -1.134749 0.9077035 -1.070518 0.9077035 -1.070518 1.029874 -1.070518 0.9077035 -1.006287 0.9077035 -1.006287 1.029874 -1.006287 0.9077035 -0.9420559 0.9077035 -0.9420559 1.029874 -0.9420559 0.9077035 -0.8778248 0.9077035 -0.8778248 1.029874 -0.8778248 0.9077035 -0.8135937 0.9077035 -0.8135937 1.029874 -0.8135937 0.9077035 -0.7493626 0.9077035 -0.7493626 1.029874 -0.7493626 0.9077035 -0.6851315 0.9077035 -0.6851315 1.029874 -0.6851315 0.9077035 -0.5994901 0.9077035 -0.5994901 1.029874 -0.5994901 0.9077035 -0.5138486 0.9077035 -0.5138486 1.029874 -0.5138486 0.9077035 -0.4282072 0.9077035 -0.4282072 1.029874 -0.4282072 0.9077035 -0.3425657 0.9077035 -0.3425657 1.029874 -0.3425657 0.9077035 -0.2569243 0.9077035 -0.2569243 1.029874 -0.2569243 0.9077035 -0.1712828 0.9077035 -0.1712828 1.029874 -0.1712828 0.9077035 -0.08564144 0.296849 -0.08564144 0.174678 -0.08564144 0.296849 -0.1712828 0.296849 -0.1712828 0.174678 -0.08564144 0.174678 -0.1712828 0.296849 -0.1712828 0.174678 -0.1712828 0.296849 -0.2569243 0.296849 -0.2569243 0.174678 -0.1712828 0.174678 -0.2569243 0.296849 -0.2569243 0.174678 -0.2569243 0.296849 -0.3425657 0.296849 -0.3425657 0.174678 -0.2569243 0.174678 -0.3425657 0.296849 -0.3425657 0.174678 -0.3425657 0.296849 -0.4282072 0.296849 -0.4282072 0.174678 -0.3425657 0.174678 -0.4282072 0.296849 -0.4282072 0.174678 -0.4282072 0.296849 -0.5138486 0.296849 -0.5138486 0.174678 -0.4282072 0.174678 -0.5138486 0.296849 -0.5138486 0.174678 -0.5138486 0.296849 -0.5994901 0.296849 -0.5994901 0.174678 -0.5138486 0.174678 -0.5994901 0.296849 -0.5994901 0.174678 -0.5994901 0.296849 -0.6851315 0.296849 -0.6851315 0.174678 -0.5994901 0.174678 -0.6851315 0.296849 -0.6851315 0.174678 -0.6851315 0.296849 -0.7493627 0.296849 -0.7493627 0.174678 -0.6851315 0.174678 -0.7493627 0.296849 -0.7493627 0.174678 -0.7493627 0.296849 -0.8135937 0.4190199 -0.08564144 0.296849 -0.08564144 0.4190199 -0.1712828 0.4190199 -0.1712828 0.296849 -0.08564144 0.296849 -0.1712828 0.4190199 -0.1712828 0.296849 -0.1712828 0.4190199 -0.2569243 0.4190199 -0.2569243 0.296849 -0.1712828 0.296849 -0.2569243 0.4190199 -0.2569243 0.296849 -0.2569243 0.4190199 -0.3425657 0.4190199 -0.3425657 0.296849 -0.2569243 0.296849 -0.3425657 0.4190199 -0.3425657 0.296849 -0.3425657 0.4190199 -0.4282072 0.4190199 -0.4282072 0.296849 -0.3425657 0.296849 -0.4282072 0.4190199 -0.4282072 0.296849 -0.4282072 0.4190199 -0.5138486 0.4190199 -0.5138486 0.296849 -0.4282072 0.296849 -0.5138486 0.4190199 -0.5138486 0.296849 -0.5138486 0.4190199 -0.5994901 0.4190199 -0.5994901 0.296849 -0.5138486 0.296849 -0.5994901 0.4190199 -0.5994901 0.296849 -0.5994901 0.4190199 -0.6851315 0.4190199 -0.6851315 0.296849 -0.5994901 0.296849 -0.6851315 0.4190199 -0.6851315 0.296849 -0.6851315 0.4190199 -0.7493627 0.4190199 -0.7493627 0.296849 -0.6851315 0.296849 -0.7493627 0.4190199 -0.7493627 0.296849 -0.7493627 0.4190199 -0.8135937 0.4190199 -0.8135937 0.296849 -0.7493627 0.296849 -0.8135937 0.4190199 -0.8135937 0.296849 -0.8135937 0.4190199 -0.8778248 0.5411908 -0.08564144 0.4190199 -0.08564144 0.5411908 -0.1712828 0.5411908 -0.1712828 0.4190199 -0.08564144 0.4190199 -0.1712828 0.5411908 -0.1712828 0.4190199 -0.1712828 0.5411908 -0.2569243 0.5411908 -0.2569243 0.4190199 -0.1712828 0.4190199 -0.2569243 0.5411908 -0.2569243 0.4190199 -0.2569243 0.5411908 -0.3425657 0.5411908 -0.3425657 0.4190199 -0.2569243 0.4190199 -0.3425657 0.5411908 -0.3425657 0.4190199 -0.3425657 0.5411908 -0.4282072 0.5411908 -0.4282072 0.4190199 -0.3425657 0.4190199 -0.4282072 0.5411908 -0.4282072 0.4190199 -0.4282072 0.5411908 -0.5138486 0.5411908 -0.5138486 0.4190199 -0.4282072 0.4190199 -0.5138486 0.5411908 -0.5138486 0.4190199 -0.5138486 0.5411908 -0.5994901 0.5411908 -0.5994901 0.4190199 -0.5138486 0.4190199 -0.5994901 0.5411908 -0.5994901 0.4190199 -0.5994901 0.5411908 -0.6851315 0.5411908 -0.6851315 0.4190199 -0.5994901 0.4190199 -0.6851315 0.5411908 -0.6851315 0.4190199 -0.6851315 0.5411908 -0.7493627 0.5411908 -0.7493627 0.4190199 -0.6851315 0.4190199 -0.7493627 0.5411908 -0.7493627 0.4190199 -0.7493627 0.5411908 -0.8135937 0.5411908 -0.8135937 0.4190199 -0.7493627 0.4190199 -0.8135937 0.5411908 -0.8135937 0.4190199 -0.8135937 0.5411908 -0.8778248 0.5411908 -0.8778248 0.4190199 -0.8135937 0.4190199 -0.8778248 0.5411908 -0.8778248 0.4190199 -0.8778248 0.5411908 -0.9420559 0.6633617 -0.08564144 0.5411908 -0.08564144 0.6633617 -0.1712828 0.6633617 -0.1712828 0.5411908 -0.08564144 0.5411908 -0.1712828 0.6633617 -0.1712828 0.5411908 -0.1712828 0.6633617 -0.2569243 0.6633617 -0.2569243 0.5411908 -0.1712828 0.5411908 -0.2569243 0.6633617 -0.2569243 0.5411908 -0.2569243 0.6633617 -0.3425657 0.6633617 -0.3425657 0.5411908 -0.2569243 0.5411908 -0.3425657 0.6633617 -0.3425657 0.5411908 -0.3425657 0.6633617 -0.4282072 0.6633617 -0.4282072 0.5411908 -0.3425657 0.5411908 -0.4282072 0.6633617 -0.4282072 0.5411908 -0.4282072 0.6633617 -0.5138486 0.6633617 -0.5138486 0.5411908 -0.4282072 0.5411908 -0.5138486 0.6633617 -0.5138486 0.5411908 -0.5138486 0.6633617 -0.5994901 0.6633617 -0.5994901 0.5411908 -0.5138486 0.5411908 -0.5994901 0.6633617 -0.5994901 0.5411908 -0.5994901 0.6633617 -0.6851315 0.6633617 -0.6851315 0.5411908 -0.5994901 0.5411908 -0.6851315 0.6633617 -0.6851315 0.5411908 -0.6851315 0.6633617 -0.7493626 0.6633617 -0.7493626 0.5411908 -0.6851315 0.5411908 -0.7493627 0.6633617 -0.7493626 0.5411908 -0.7493627 0.6633617 -0.8135937 0.6633617 -0.8135937 0.5411908 -0.7493627 0.5411908 -0.8135937 0.6633617 -0.8135937 0.5411908 -0.8135937 0.6633617 -0.8778248 0.6633617 -0.8778248 0.5411908 -0.8135937 0.5411908 -0.8778248 0.6633617 -0.8778248 0.5411908 -0.8778248 0.6633617 -0.9420559 0.6633617 -0.9420559 0.5411908 -0.8778248 0.5411908 -0.9420559 0.6633617 -0.9420559 0.5411908 -0.9420559 0.6633617 -1.006287 0.9077035 -0.1712828 0.9077035 -0.08564144 0.7855326 -0.08564144 0.7855326 -0.08564144 0.6633617 -0.08564144 0.7855326 -0.1712828 0.7855326 -0.1712828 0.6633617 -0.08564144 0.6633617 -0.1712828 0.7855326 -0.1712828 0.6633617 -0.1712828 0.7855326 -0.2569243 0.7855326 -0.2569243 0.6633617 -0.1712828 0.6633617 -0.2569243 0.7855326 -0.2569243 0.6633617 -0.2569243 0.7855326 -0.3425657 0.7855326 -0.3425657 0.6633617 -0.2569243 0.6633617 -0.3425657 0.7855326 -0.3425657 0.6633617 -0.3425657 0.7855326 -0.4282072 0.7855326 -0.4282072 0.6633617 -0.3425657 0.6633617 -0.4282072 0.7855326 -0.4282072 0.6633617 -0.4282072 0.7855326 -0.5138486 0.7855326 -0.5138486 0.6633617 -0.4282072 0.6633617 -0.5138486 0.7855326 -0.5138486 0.6633617 -0.5138486 0.7855326 -0.5994901 0.7855326 -0.5994901 0.6633617 -0.5138486 0.6633617 -0.5994901 0.7855326 -0.5994901 0.6633617 -0.5994901 0.7855326 -0.6851315 0.7855326 -0.6851315 0.6633617 -0.5994901 0.6633617 -0.6851315 0.7855326 -0.6851315 0.6633617 -0.6851315 0.7855326 -0.7493626 0.7855326 -0.7493626 0.6633617 -0.6851315 0.6633617 -0.7493626 0.7855326 -0.7493626 0.6633617 -0.7493626 0.7855326 -0.8135937 0.7855326 -0.8135937 0.6633617 -0.7493626 0.6633617 -0.8135937 0.7855326 -0.8135937 0.6633617 -0.8135937 0.7855326 -0.8778248 0.7855326 -0.8778248 0.6633617 -0.8135937 0.6633617 -0.8778248 0.7855326 -0.8778248 0.6633617 -0.8778248 0.7855326 -0.9420559 0.7855326 -0.9420559 0.6633617 -0.8778248 0.6633617 -0.9420559 0.7855326 -0.9420559 0.6633617 -0.9420559 0.7855326 -1.006287 0.7855326 -1.006287 0.6633617 -0.9420559 0.6633617 -1.006287 0.7855326 -1.006287 0.6633617 -1.006287 0.7855326 -1.070518 0.9077035 -0.2569243 0.9077035 -0.1712828 0.7855326 -0.1712828 0.7855326 -0.1712828 0.9077035 -0.1712828 0.7855326 -0.08564144 0.9077035 -0.2569243 0.7855326 -0.1712828 0.7855326 -0.2569243 0.9077035 -0.3425657 0.9077035 -0.2569243 0.7855326 -0.2569243 0.9077035 -0.3425657 0.7855326 -0.2569243 0.7855326 -0.3425657 0.9077035 -0.4282072 0.9077035 -0.3425657 0.7855326 -0.3425657 0.9077035 -0.4282072 0.7855326 -0.3425657 0.7855326 -0.4282072 0.9077035 -0.5138486 0.9077035 -0.4282072 0.7855326 -0.4282072 0.9077035 -0.5138486 0.7855326 -0.4282072 0.7855326 -0.5138486 0.9077035 -0.5994901 0.9077035 -0.5138486 0.7855326 -0.5138486 0.9077035 -0.5994901 0.7855326 -0.5138486 0.7855326 -0.5994901 0.9077035 -0.6851315 0.9077035 -0.5994901 0.7855326 -0.5994901 0.9077035 -0.6851315 0.7855326 -0.5994901 0.7855326 -0.6851315 0.9077035 -0.7493626 0.9077035 -0.6851315 0.7855326 -0.6851315 0.9077035 -0.7493626 0.7855326 -0.6851315 0.7855326 -0.7493626 0.9077035 -0.7493626 0.7855326 -0.7493626 0.9077035 -0.8135937 0.9077035 -0.8135937 0.7855326 -0.7493626 0.7855326 -0.8135937 0.9077035 -0.8135937 0.7855326 -0.8135937 0.9077035 -0.8778248 0.9077035 -0.8778248 0.7855326 -0.8135937 0.7855326 -0.8778248 0.9077035 -0.8778248 0.7855326 -0.8778248 0.9077035 -0.9420559 0.9077035 -0.9420559 0.7855326 -0.8778248 0.7855326 -0.9420559 0.9077035 -0.9420559 0.7855326 -0.9420559 0.9077035 -1.006287 0.9077035 -1.006287 0.7855326 -0.9420559 0.7855326 -1.006287 0.9077035 -1.006287 0.7855326 -1.006287 0.9077035 -1.070518 0.9077035 -1.070518 0.7855326 -1.006287 0.7855326 -1.070518 0.9077035 -1.070518 0.7855326 -1.070518 0.9077035 -1.134749 0.05250716 0.07493627 0.05250716 0 0.174678 0.06423109 0.174678 0.06423109 0.05250716 0 0.174678 0 0.174678 0.06423109 0.174678 0 0.296849 0 0.174678 0.06423109 0.296849 0 0.296849 0.06423109 0.296849 0.06423109 0.296849 0 0.4190199 0 0.296849 0.06423109 0.4190199 0 0.4190199 0.06423109 0.4190199 0.06423109 0.4190199 0 0.5411908 0 0.4190199 0.06423109 0.5411908 0 0.5411908 0.06423109 0.5411908 0.06423109 0.5411908 0 0.6633617 0 0.5411908 0.06423109 0.6633617 0 0.6633617 0.06423109 0.6633617 0.06423109 0.6633617 0 0.7855326 0 0.6633617 0.06423109 0.7855326 0 0.7855326 0.06423109 0.7855326 0.06423109 0.7855326 0 0.9077035 0 0.7855326 0.06423109 0.9077035 0 0.9077035 0.06423109 0.9077035 0.06423109 0.9077035 0 1.029874 0 1.029874 1.113339 0.9077035 1.19898 0.9077035 1.113339 0.9077035 1.113339 0.9077035 1.19898 0.7855326 1.19898 0.9077035 1.113339 0.7855326 1.19898 0.7855326 1.113339 0.7855326 1.113339 0.7855326 1.19898 0.6633617 1.19898 0.7855326 1.113339 0.6633617 1.19898 0.6633617 1.113339 0.6633617 1.113339 0.6633617 1.19898 0.5411908 1.19898 0.6633617 1.113339 0.5411908 1.19898 0.5411908 1.113339 0.5411908 1.113339 0.5411908 1.19898 0.4190199 1.19898 0.5411908 1.113339 0.4190199 1.19898 0.4190199 1.113339 0.4190199 1.113339 0.4190199 1.19898 0.296849 1.19898 0.4190199 1.113339 0.296849 1.19898 0.296849 1.113339 0.296849 1.113339 0.296849 1.19898 0.174678 1.19898 0.296849 1.113339 0.174678 1.19898 0.174678 1.113339 0.174678 1.113339 0.174678 1.19898 0.05250716 1.124044 0.174678 1.113339 0.05250716 1.124044 0.05250716 1.049108 0.174678 1.19898 0.05250716 1.19898 0.05250716 1.124044 0.174678 1.113339 0.05250716 1.049108 0.174678 1.027697 0.174678 1.027697 0.05250716 1.049108 0.05250716 0.9741715 0.174678 1.027697 0.05250716 0.9741715 0.174678 0.942056 0.174678 0.942056 0.05250716 0.9741715 0.05250716 0.8992352 0.174678 0.942056 0.05250716 0.8992352 0.174678 0.8564145 0.174678 0.8564145 0.05250716 0.8992352 0.05250716 0.8242989 0.174678 0.8564145 0.05250716 0.8242989 0.174678 0.7707731 0.174678 0.7707731 0.05250716 0.8242989 0.05250716 0.7493627 0.174678 0.7707731 0.05250716 0.7493627 0.174678 0.6851316 0.174678 0.6851316 0.05250716 0.7493627 0.05250716 0.6744264 0.174678 0.6851316 0.05250716 0.6744264 0.174678 0.5994901 0.174678 0.5994901 0.05250716 0.6744264 0.05250716 0.5994901 0.174678 0.5994901 0.05250716 0.5994901 0.05250716 0.5245538 0.174678 0.5994901 0.05250716 0.5245538 0.174678 0.5138487 0.174678 0.5138487 0.05250716 0.5245538 0.05250716 0.4496176 0.174678 0.5138487 0.05250716 0.4496176 0.174678 0.4496176 0.174678 0.4496176 0.05250716 0.4496176 0.174678 0.3853865 0.174678 0.4496176 0.174678 0.3853865 0.296849 0.3853865 0.296849 0.3853865 0.174678 0.3853865 0.296849 0.3211554 0.296849 0.3853865 0.296849 0.3211554 0.4190199 0.3211554 0.4190199 0.3211554 0.296849 0.3211554 0.4190199 0.2569243 0.4190199 0.3211554 0.4190199 0.2569243 0.5411908 0.2569243 0.5411908 0.2569243 0.4190199 0.2569243 0.5411908 0.1926932 0.5411908 0.2569243 0.5411908 0.1926932 0.6633617 0.1926932 0.6633617 0.1926932 0.5411908 0.1926932 0.6633617 0.1284621 0.6633617 0.1926932 0.6633617 0.1284621 0.7855326 0.1284621 0.7855326 0.1284621 0.6633617 0.1284621 0.7855326 0.06423109 0.7855326 0.1284621 0.7855326 0.06423109 0.9077035 0.06423109 0.05250716 0.4496176 0.05250716 0.3746813 0.174678 0.3853865 0.174678 0.3853865 0.05250716 0.3746813 0.174678 0.3211554 0.174678 0.3853865 0.174678 0.3211554 0.296849 0.3211554 0.296849 0.3211554 0.174678 0.3211554 0.296849 0.2569243 0.296849 0.3211554 0.296849 0.2569243 0.4190199 0.2569243 0.4190199 0.2569243 0.296849 0.2569243 0.4190199 0.1926932 0.4190199 0.2569243 0.4190199 0.1926932 0.5411908 0.1926932 0.5411908 0.1926932 0.4190199 0.1926932 0.5411908 0.1284621 0.5411908 0.1926932 0.5411908 0.1284621 0.6633617 0.1284621 0.6633617 0.1284621 0.5411908 0.1284621 0.6633617 0.06423109 0.6633617 0.1284621 0.6633617 0.06423109 0.7855326 0.06423109 0.05250716 0.3746813 0.05250716 0.299745 0.174678 0.3211554 0.174678 0.3211554 0.05250716 0.299745 0.174678 0.2569243 0.174678 0.3211554 0.174678 0.2569243 0.296849 0.2569243 0.296849 0.2569243 0.174678 0.2569243 0.296849 0.1926932 0.296849 0.2569243 0.296849 0.1926932 0.4190199 0.1926932 0.4190199 0.1926932 0.296849 0.1926932 0.4190199 0.1284621 0.4190199 0.1926932 0.4190199 0.1284621 0.5411908 0.1284621 0.5411908 0.1284621 0.4190199 0.1284621 0.5411908 0.06423109 0.5411908 0.1284621 0.5411908 0.06423109 0.6633617 0.06423109 0.05250716 0.299745 0.05250716 0.2248088 0.174678 0.2569243 0.174678 0.2569243 0.05250716 0.2248088 0.174678 0.1926932 0.174678 0.2569243 0.174678 0.1926932 0.296849 0.1926932 0.296849 0.1926932 0.174678 0.1926932 0.296849 0.1284621 0.296849 0.1926932 0.296849 0.1284621 0.4190199 0.1284621 0.4190199 0.1284621 0.296849 0.1284621 0.4190199 0.06423109 0.4190199 0.1284621 0.4190199 0.06423109 0.5411908 0.06423109 0.05250716 0.2248088 0.05250716 0.1498725 0.174678 0.1926932 0.174678 0.1926932 0.05250716 0.1498725 0.174678 0.1284621 0.174678 0.1926932 0.174678 0.1284621 0.296849 0.1284621 0.296849 0.1284621 0.174678 0.1284621 0.296849 0.06423109 0.296849 0.1284621 0.296849 0.06423109 0.4190199 0.06423109 0.05250716 0.1498725 0.05250716 0.07493627 0.174678 0.1284621 0.174678 0.1284621 0.05250716 0.07493627 0.174678 0.06423109 0.174678 0.1284621 0.174678 0.06423109 0.296849 0.06423109 0.9077035 0.06423109 1.029874 0.06423109 0.9077035 0.1284621 0.9077035 0.1284621 1.029874 0.1284621 0.9077035 0.1926932 0.9077035 0.1926932 1.029874 0.1926932 0.9077035 0.2569243 0.9077035 0.2569243 1.029874 0.2569243 0.9077035 0.3211554 0.9077035 0.3211554 1.029874 0.3211554 0.9077035 0.3853865 0.9077035 0.3853865 1.029874 0.3853865 0.9077035 0.4496176 0.9077035 0.4496176 1.029874 0.4496176 0.9077035 0.5138487 0.9077035 0.5138487 1.029874 0.5138487 0.9077035 0.5994902 0.9077035 0.5994902 1.029874 0.5994902 0.9077035 0.6851316 0.9077035 0.6851316 1.029874 0.6851316 0.9077035 0.7707731 0.9077035 0.7707731 1.029874 0.7707731 0.9077035 0.8564145 0.9077035 0.8564145 1.029874 0.8564145 0.9077035 0.942056 0.9077035 0.942056 1.029874 0.942056 0.9077035 1.027697 0.9077035 1.027697 1.029874 1.027697 0.9077035 1.113339 0.7855326 0.1284621 0.9077035 0.06423109 0.9077035 0.1284621 0.296849 1.113339 0.174678 1.113339 0.296849 1.027697 0.296849 1.027697 0.174678 1.113339 0.174678 1.027697 0.296849 1.027697 0.174678 1.027697 0.296849 0.942056 0.296849 0.942056 0.174678 1.027697 0.174678 0.942056 0.296849 0.942056 0.174678 0.942056 0.296849 0.8564145 0.296849 0.8564145 0.174678 0.942056 0.174678 0.8564145 0.296849 0.8564145 0.174678 0.8564145 0.296849 0.7707731 0.296849 0.7707731 0.174678 0.8564145 0.174678 0.7707731 0.296849 0.7707731 0.174678 0.7707731 0.296849 0.6851316 0.296849 0.6851316 0.174678 0.7707731 0.174678 0.6851316 0.296849 0.6851316 0.174678 0.6851316 0.296849 0.5994901 0.296849 0.5994901 0.174678 0.6851316 0.174678 0.5994901 0.296849 0.5994901 0.174678 0.5994901 0.296849 0.5138487 0.296849 0.5138487 0.174678 0.5994901 0.174678 0.5138487 0.296849 0.5138487 0.174678 0.5138487 0.296849 0.4496176 0.296849 0.4496176 0.174678 0.5138487 0.174678 0.4496176 0.296849 0.4496176 0.174678 0.4496176 0.296849 0.3853865 0.4190199 1.113339 0.296849 1.113339 0.4190199 1.027697 0.4190199 1.027697 0.296849 1.113339 0.296849 1.027697 0.4190199 1.027697 0.296849 1.027697 0.4190199 0.942056 0.4190199 0.942056 0.296849 1.027697 0.296849 0.942056 0.4190199 0.942056 0.296849 0.942056 0.4190199 0.8564145 0.4190199 0.8564145 0.296849 0.942056 0.296849 0.8564145 0.4190199 0.8564145 0.296849 0.8564145 0.4190199 0.7707731 0.4190199 0.7707731 0.296849 0.8564145 0.296849 0.7707731 0.4190199 0.7707731 0.296849 0.7707731 0.4190199 0.6851316 0.4190199 0.6851316 0.296849 0.7707731 0.296849 0.6851316 0.4190199 0.6851316 0.296849 0.6851316 0.4190199 0.5994902 0.4190199 0.5994902 0.296849 0.6851316 0.296849 0.5994901 0.4190199 0.5994902 0.296849 0.5994901 0.4190199 0.5138487 0.4190199 0.5138487 0.296849 0.5994901 0.296849 0.5138487 0.4190199 0.5138487 0.296849 0.5138487 0.4190199 0.4496176 0.4190199 0.4496176 0.296849 0.5138487 0.296849 0.4496176 0.4190199 0.4496176 0.296849 0.4496176 0.4190199 0.3853865 0.4190199 0.3853865 0.296849 0.4496176 0.296849 0.3853865 0.4190199 0.3853865 0.296849 0.3853865 0.4190199 0.3211554 0.5411908 1.113339 0.4190199 1.113339 0.5411908 1.027697 0.5411908 1.027697 0.4190199 1.113339 0.4190199 1.027697 0.5411908 1.027697 0.4190199 1.027697 0.5411908 0.942056 0.5411908 0.942056 0.4190199 1.027697 0.4190199 0.942056 0.5411908 0.942056 0.4190199 0.942056 0.5411908 0.8564145 0.5411908 0.8564145 0.4190199 0.942056 0.4190199 0.8564145 0.5411908 0.8564145 0.4190199 0.8564145 0.5411908 0.7707731 0.5411908 0.7707731 0.4190199 0.8564145 0.4190199 0.7707731 0.5411908 0.7707731 0.4190199 0.7707731 0.5411908 0.6851316 0.5411908 0.6851316 0.4190199 0.7707731 0.4190199 0.6851316 0.5411908 0.6851316 0.4190199 0.6851316 0.5411908 0.5994902 0.5411908 0.5994902 0.4190199 0.6851316 0.4190199 0.5994902 0.5411908 0.5994902 0.4190199 0.5994902 0.5411908 0.5138487 0.5411908 0.5138487 0.4190199 0.5994902 0.4190199 0.5138487 0.5411908 0.5138487 0.4190199 0.5138487 0.5411908 0.4496176 0.5411908 0.4496176 0.4190199 0.5138487 0.4190199 0.4496176 0.5411908 0.4496176 0.4190199 0.4496176 0.5411908 0.3853865 0.5411908 0.3853865 0.4190199 0.4496176 0.4190199 0.3853865 0.5411908 0.3853865 0.4190199 0.3853865 0.5411908 0.3211554 0.5411908 0.3211554 0.4190199 0.3853865 0.4190199 0.3211554 0.5411908 0.3211554 0.4190199 0.3211554 0.5411908 0.2569243 0.6633617 1.113339 0.5411908 1.113339 0.6633617 1.027697 0.6633617 1.027697 0.5411908 1.113339 0.5411908 1.027697 0.6633617 1.027697 0.5411908 1.027697 0.6633617 0.942056 0.6633617 0.942056 0.5411908 1.027697 0.5411908 0.942056 0.6633617 0.942056 0.5411908 0.942056 0.6633617 0.8564145 0.6633617 0.8564145 0.5411908 0.942056 0.5411908 0.8564145 0.6633617 0.8564145 0.5411908 0.8564145 0.6633617 0.7707731 0.6633617 0.7707731 0.5411908 0.8564145 0.5411908 0.7707731 0.6633617 0.7707731 0.5411908 0.7707731 0.6633617 0.6851316 0.6633617 0.6851316 0.5411908 0.7707731 0.5411908 0.6851316 0.6633617 0.6851316 0.5411908 0.6851316 0.6633617 0.5994902 0.6633617 0.5994902 0.5411908 0.6851316 0.5411908 0.5994902 0.6633617 0.5994902 0.5411908 0.5994902 0.6633617 0.5138487 0.6633617 0.5138487 0.5411908 0.5994902 0.5411908 0.5138487 0.6633617 0.5138487 0.5411908 0.5138487 0.6633617 0.4496176 0.6633617 0.4496176 0.5411908 0.5138487 0.5411908 0.4496176 0.6633617 0.4496176 0.5411908 0.4496176 0.6633617 0.3853865 0.6633617 0.3853865 0.5411908 0.4496176 0.5411908 0.3853865 0.6633617 0.3853865 0.5411908 0.3853865 0.6633617 0.3211554 0.6633617 0.3211554 0.5411908 0.3853865 0.5411908 0.3211554 0.6633617 0.3211554 0.5411908 0.3211554 0.6633617 0.2569243 0.6633617 0.2569243 0.5411908 0.3211554 0.5411908 0.2569243 0.6633617 0.2569243 0.5411908 0.2569243 0.6633617 0.1926932 0.9077035 1.027697 0.9077035 1.113339 0.7855326 1.113339 0.7855326 1.113339 0.6633617 1.113339 0.7855326 1.027697 0.7855326 1.027697 0.6633617 1.113339 0.6633617 1.027697 0.7855326 1.027697 0.6633617 1.027697 0.7855326 0.942056 0.7855326 0.942056 0.6633617 1.027697 0.6633617 0.942056 0.7855326 0.942056 0.6633617 0.942056 0.7855326 0.8564145 0.7855326 0.8564145 0.6633617 0.942056 0.6633617 0.8564145 0.7855326 0.8564145 0.6633617 0.8564145 0.7855326 0.7707731 0.7855326 0.7707731 0.6633617 0.8564145 0.6633617 0.7707731 0.7855326 0.7707731 0.6633617 0.7707731 0.7855326 0.6851316 0.7855326 0.6851316 0.6633617 0.7707731 0.6633617 0.6851316 0.7855326 0.6851316 0.6633617 0.6851316 0.7855326 0.5994902 0.7855326 0.5994902 0.6633617 0.6851316 0.6633617 0.5994902 0.7855326 0.5994902 0.6633617 0.5994902 0.7855326 0.5138487 0.7855326 0.5138487 0.6633617 0.5994902 0.6633617 0.5138487 0.7855326 0.5138487 0.6633617 0.5138487 0.7855326 0.4496176 0.7855326 0.4496176 0.6633617 0.5138487 0.6633617 0.4496176 0.7855326 0.4496176 0.6633617 0.4496176 0.7855326 0.3853865 0.7855326 0.3853865 0.6633617 0.4496176 0.6633617 0.3853865 0.7855326 0.3853865 0.6633617 0.3853865 0.7855326 0.3211554 0.7855326 0.3211554 0.6633617 0.3853865 0.6633617 0.3211554 0.7855326 0.3211554 0.6633617 0.3211554 0.7855326 0.2569243 0.7855326 0.2569243 0.6633617 0.3211554 0.6633617 0.2569243 0.7855326 0.2569243 0.6633617 0.2569243 0.7855326 0.1926932 0.7855326 0.1926932 0.6633617 0.2569243 0.6633617 0.1926932 0.7855326 0.1926932 0.6633617 0.1926932 0.7855326 0.1284621 0.9077035 0.942056 0.9077035 1.027697 0.7855326 1.027697 0.7855326 1.027697 0.9077035 1.027697 0.7855326 1.113339 0.9077035 0.942056 0.7855326 1.027697 0.7855326 0.942056 0.9077035 0.8564145 0.9077035 0.942056 0.7855326 0.942056 0.9077035 0.8564145 0.7855326 0.942056 0.7855326 0.8564145 0.9077035 0.7707731 0.9077035 0.8564145 0.7855326 0.8564145 0.9077035 0.7707731 0.7855326 0.8564145 0.7855326 0.7707731 0.9077035 0.6851316 0.9077035 0.7707731 0.7855326 0.7707731 0.9077035 0.6851316 0.7855326 0.7707731 0.7855326 0.6851316 0.9077035 0.5994902 0.9077035 0.6851316 0.7855326 0.6851316 0.9077035 0.5994902 0.7855326 0.6851316 0.7855326 0.5994902 0.9077035 0.5138487 0.9077035 0.5994902 0.7855326 0.5994902 0.9077035 0.5138487 0.7855326 0.5994902 0.7855326 0.5138487 0.9077035 0.4496176 0.9077035 0.5138487 0.7855326 0.5138487 0.9077035 0.4496176 0.7855326 0.5138487 0.7855326 0.4496176 0.9077035 0.4496176 0.7855326 0.4496176 0.9077035 0.3853865 0.9077035 0.3853865 0.7855326 0.4496176 0.7855326 0.3853865 0.9077035 0.3853865 0.7855326 0.3853865 0.9077035 0.3211554 0.9077035 0.3211554 0.7855326 0.3853865 0.7855326 0.3211554 0.9077035 0.3211554 0.7855326 0.3211554 0.9077035 0.2569243 0.9077035 0.2569243 0.7855326 0.3211554 0.7855326 0.2569243 0.9077035 0.2569243 0.7855326 0.2569243 0.9077035 0.1926932 0.9077035 0.1926932 0.7855326 0.2569243 0.7855326 0.1926932 0.9077035 0.1926932 0.7855326 0.1926932 0.9077035 0.1284621 0.9077035 0.1284621 0.7855326 0.1926932 0.7855326 0.1284621 0.05250716 0.07493627 0.05250716 0 0.174678 0.06423109 0.174678 0.06423109 0.05250716 0 0.174678 0 0.174678 0.06423109 0.174678 0 0.296849 0 0.174678 0.06423109 0.296849 0 0.296849 0.06423109 0.296849 0.06423109 0.296849 0 0.4190199 0 0.296849 0.06423109 0.4190199 0 0.4190199 0.06423109 0.4190199 0.06423109 0.4190199 0 0.5411908 0 0.4190199 0.06423109 0.5411908 0 0.5411908 0.06423109 0.5411908 0.06423109 0.5411908 0 0.6633617 0 0.5411908 0.06423109 0.6633617 0 0.6633617 0.06423109 0.6633617 0.06423109 0.6633617 0 0.7855326 0 0.6633617 0.06423109 0.7855326 0 0.7855326 0.06423109 0.7855326 0.06423109 0.7855326 0 0.9077035 0 0.7855326 0.06423109 0.9077035 0 0.9077035 0.06423109 0.9077035 0.06423109 0.9077035 0 1.029874 0 1.029874 1.113339 0.9077035 1.19898 0.9077035 1.113339 0.9077035 1.113339 0.9077035 1.19898 0.7855326 1.19898 0.9077035 1.113339 0.7855326 1.19898 0.7855326 1.113339 0.7855326 1.113339 0.7855326 1.19898 0.6633617 1.19898 0.7855326 1.113339 0.6633617 1.19898 0.6633617 1.113339 0.6633617 1.113339 0.6633617 1.19898 0.5411908 1.19898 0.6633617 1.113339 0.5411908 1.19898 0.5411908 1.113339 0.5411908 1.113339 0.5411908 1.19898 0.4190199 1.19898 0.5411908 1.113339 0.4190199 1.19898 0.4190199 1.113339 0.4190199 1.113339 0.4190199 1.19898 0.296849 1.19898 0.4190199 1.113339 0.296849 1.19898 0.296849 1.113339 0.296849 1.113339 0.296849 1.19898 0.174678 1.19898 0.296849 1.113339 0.174678 1.19898 0.174678 1.113339 0.174678 1.113339 0.174678 1.19898 0.05250716 1.124044 0.174678 1.113339 0.05250716 1.124044 0.05250716 1.049108 0.174678 1.19898 0.05250716 1.19898 0.05250716 1.124044 0.174678 1.113339 0.05250716 1.049108 0.174678 1.027697 0.174678 1.027697 0.05250716 1.049108 0.05250716 0.9741715 0.174678 1.027697 0.05250716 0.9741715 0.174678 0.942056 0.174678 0.942056 0.05250716 0.9741715 0.05250716 0.8992352 0.174678 0.942056 0.05250716 0.8992352 0.174678 0.8564145 0.174678 0.8564145 0.05250716 0.8992352 0.05250716 0.8242989 0.174678 0.8564145 0.05250716 0.8242989 0.174678 0.7707731 0.174678 0.7707731 0.05250716 0.8242989 0.05250716 0.7493627 0.174678 0.7707731 0.05250716 0.7493627 0.174678 0.6851316 0.174678 0.6851316 0.05250716 0.7493627 0.05250716 0.6744264 0.174678 0.6851316 0.05250716 0.6744264 0.174678 0.5994901 0.174678 0.5994901 0.05250716 0.6744264 0.05250716 0.5994901 0.174678 0.5994901 0.05250716 0.5994901 0.05250716 0.5245538 0.174678 0.5994901 0.05250716 0.5245538 0.174678 0.5138487 0.174678 0.5138487 0.05250716 0.5245538 0.05250716 0.4496176 0.174678 0.5138487 0.05250716 0.4496176 0.174678 0.4496176 0.174678 0.4496176 0.05250716 0.4496176 0.174678 0.3853865 0.174678 0.4496176 0.174678 0.3853865 0.296849 0.3853865 0.296849 0.3853865 0.174678 0.3853865 0.296849 0.3211554 0.296849 0.3853865 0.296849 0.3211554 0.4190199 0.3211554 0.4190199 0.3211554 0.296849 0.3211554 0.4190199 0.2569243 0.4190199 0.3211554 0.4190199 0.2569243 0.5411908 0.2569243 0.5411908 0.2569243 0.4190199 0.2569243 0.5411908 0.1926932 0.5411908 0.2569243 0.5411908 0.1926932 0.6633617 0.1926932 0.6633617 0.1926932 0.5411908 0.1926932 0.6633617 0.1284621 0.6633617 0.1926932 0.6633617 0.1284621 0.7855326 0.1284621 0.7855326 0.1284621 0.6633617 0.1284621 0.7855326 0.06423109 0.7855326 0.1284621 0.7855326 0.06423109 0.9077035 0.06423109 0.05250716 0.4496176 0.05250716 0.3746813 0.174678 0.3853865 0.174678 0.3853865 0.05250716 0.3746813 0.174678 0.3211554 0.174678 0.3853865 0.174678 0.3211554 0.296849 0.3211554 0.296849 0.3211554 0.174678 0.3211554 0.296849 0.2569243 0.296849 0.3211554 0.296849 0.2569243 0.4190199 0.2569243 0.4190199 0.2569243 0.296849 0.2569243 0.4190199 0.1926932 0.4190199 0.2569243 0.4190199 0.1926932 0.5411908 0.1926932 0.5411908 0.1926932 0.4190199 0.1926932 0.5411908 0.1284621 0.5411908 0.1926932 0.5411908 0.1284621 0.6633617 0.1284621 0.6633617 0.1284621 0.5411908 0.1284621 0.6633617 0.06423109 0.6633617 0.1284621 0.6633617 0.06423109 0.7855326 0.06423109 0.05250716 0.3746813 0.05250716 0.299745 0.174678 0.3211554 0.174678 0.3211554 0.05250716 0.299745 0.174678 0.2569243 0.174678 0.3211554 0.174678 0.2569243 0.296849 0.2569243 0.296849 0.2569243 0.174678 0.2569243 0.296849 0.1926932 0.296849 0.2569243 0.296849 0.1926932 0.4190199 0.1926932 0.4190199 0.1926932 0.296849 0.1926932 0.4190199 0.1284621 0.4190199 0.1926932 0.4190199 0.1284621 0.5411908 0.1284621 0.5411908 0.1284621 0.4190199 0.1284621 0.5411908 0.06423109 0.5411908 0.1284621 0.5411908 0.06423109 0.6633617 0.06423109 0.05250716 0.299745 0.05250716 0.2248088 0.174678 0.2569243 0.174678 0.2569243 0.05250716 0.2248088 0.174678 0.1926932 0.174678 0.2569243 0.174678 0.1926932 0.296849 0.1926932 0.296849 0.1926932 0.174678 0.1926932 0.296849 0.1284621 0.296849 0.1926932 0.296849 0.1284621 0.4190199 0.1284621 0.4190199 0.1284621 0.296849 0.1284621 0.4190199 0.06423109 0.4190199 0.1284621 0.4190199 0.06423109 0.5411908 0.06423109 0.05250716 0.2248088 0.05250716 0.1498725 0.174678 0.1926932 0.174678 0.1926932 0.05250716 0.1498725 0.174678 0.1284621 0.174678 0.1926932 0.174678 0.1284621 0.296849 0.1284621 0.296849 0.1284621 0.174678 0.1284621 0.296849 0.06423109 0.296849 0.1284621 0.296849 0.06423109 0.4190199 0.06423109 0.05250716 0.1498725 0.05250716 0.07493627 0.174678 0.1284621 0.174678 0.1284621 0.05250716 0.07493627 0.174678 0.06423109 0.174678 0.1284621 0.174678 0.06423109 0.296849 0.06423109 0.9077035 0.06423109 1.029874 0.06423109 0.9077035 0.1284621 0.9077035 0.1284621 1.029874 0.1284621 0.9077035 0.1926932 0.9077035 0.1926932 1.029874 0.1926932 0.9077035 0.2569243 0.9077035 0.2569243 1.029874 0.2569243 0.9077035 0.3211554 0.9077035 0.3211554 1.029874 0.3211554 0.9077035 0.3853865 0.9077035 0.3853865 1.029874 0.3853865 0.9077035 0.4496176 0.9077035 0.4496176 1.029874 0.4496176 0.9077035 0.5138487 0.9077035 0.5138487 1.029874 0.5138487 0.9077035 0.5994902 0.9077035 0.5994902 1.029874 0.5994902 0.9077035 0.6851316 0.9077035 0.6851316 1.029874 0.6851316 0.9077035 0.7707731 0.9077035 0.7707731 1.029874 0.7707731 0.9077035 0.8564145 0.9077035 0.8564145 1.029874 0.8564145 0.9077035 0.942056 0.9077035 0.942056 1.029874 0.942056 0.9077035 1.027697 0.9077035 1.027697 1.029874 1.027697 0.9077035 1.113339 0.7855326 0.1284621 0.9077035 0.06423109 0.9077035 0.1284621 0.296849 1.113339 0.174678 1.113339 0.296849 1.027697 0.296849 1.027697 0.174678 1.113339 0.174678 1.027697 0.296849 1.027697 0.174678 1.027697 0.296849 0.942056 0.296849 0.942056 0.174678 1.027697 0.174678 0.942056 0.296849 0.942056 0.174678 0.942056 0.296849 0.8564145 0.296849 0.8564145 0.174678 0.942056 0.174678 0.8564145 0.296849 0.8564145 0.174678 0.8564145 0.296849 0.7707731 0.296849 0.7707731 0.174678 0.8564145 0.174678 0.7707731 0.296849 0.7707731 0.174678 0.7707731 0.296849 0.6851316 0.296849 0.6851316 0.174678 0.7707731 0.174678 0.6851316 0.296849 0.6851316 0.174678 0.6851316 0.296849 0.5994901 0.296849 0.5994901 0.174678 0.6851316 0.174678 0.5994901 0.296849 0.5994901 0.174678 0.5994901 0.296849 0.5138487 0.296849 0.5138487 0.174678 0.5994901 0.174678 0.5138487 0.296849 0.5138487 0.174678 0.5138487 0.296849 0.4496176 0.296849 0.4496176 0.174678 0.5138487 0.174678 0.4496176 0.296849 0.4496176 0.174678 0.4496176 0.296849 0.3853865 0.4190199 1.113339 0.296849 1.113339 0.4190199 1.027697 0.4190199 1.027697 0.296849 1.113339 0.296849 1.027697 0.4190199 1.027697 0.296849 1.027697 0.4190199 0.942056 0.4190199 0.942056 0.296849 1.027697 0.296849 0.942056 0.4190199 0.942056 0.296849 0.942056 0.4190199 0.8564145 0.4190199 0.8564145 0.296849 0.942056 0.296849 0.8564145 0.4190199 0.8564145 0.296849 0.8564145 0.4190199 0.7707731 0.4190199 0.7707731 0.296849 0.8564145 0.296849 0.7707731 0.4190199 0.7707731 0.296849 0.7707731 0.4190199 0.6851316 0.4190199 0.6851316 0.296849 0.7707731 0.296849 0.6851316 0.4190199 0.6851316 0.296849 0.6851316 0.4190199 0.5994902 0.4190199 0.5994902 0.296849 0.6851316 0.296849 0.5994901 0.4190199 0.5994902 0.296849 0.5994901 0.4190199 0.5138487 0.4190199 0.5138487 0.296849 0.5994901 0.296849 0.5138487 0.4190199 0.5138487 0.296849 0.5138487 0.4190199 0.4496176 0.4190199 0.4496176 0.296849 0.5138487 0.296849 0.4496176 0.4190199 0.4496176 0.296849 0.4496176 0.4190199 0.3853865 0.4190199 0.3853865 0.296849 0.4496176 0.296849 0.3853865 0.4190199 0.3853865 0.296849 0.3853865 0.4190199 0.3211554 0.5411908 1.113339 0.4190199 1.113339 0.5411908 1.027697 0.5411908 1.027697 0.4190199 1.113339 0.4190199 1.027697 0.5411908 1.027697 0.4190199 1.027697 0.5411908 0.942056 0.5411908 0.942056 0.4190199 1.027697 0.4190199 0.942056 0.5411908 0.942056 0.4190199 0.942056 0.5411908 0.8564145 0.5411908 0.8564145 0.4190199 0.942056 0.4190199 0.8564145 0.5411908 0.8564145 0.4190199 0.8564145 0.5411908 0.7707731 0.5411908 0.7707731 0.4190199 0.8564145 0.4190199 0.7707731 0.5411908 0.7707731 0.4190199 0.7707731 0.5411908 0.6851316 0.5411908 0.6851316 0.4190199 0.7707731 0.4190199 0.6851316 0.5411908 0.6851316 0.4190199 0.6851316 0.5411908 0.5994902 0.5411908 0.5994902 0.4190199 0.6851316 0.4190199 0.5994902 0.5411908 0.5994902 0.4190199 0.5994902 0.5411908 0.5138487 0.5411908 0.5138487 0.4190199 0.5994902 0.4190199 0.5138487 0.5411908 0.5138487 0.4190199 0.5138487 0.5411908 0.4496176 0.5411908 0.4496176 0.4190199 0.5138487 0.4190199 0.4496176 0.5411908 0.4496176 0.4190199 0.4496176 0.5411908 0.3853865 0.5411908 0.3853865 0.4190199 0.4496176 0.4190199 0.3853865 0.5411908 0.3853865 0.4190199 0.3853865 0.5411908 0.3211554 0.5411908 0.3211554 0.4190199 0.3853865 0.4190199 0.3211554 0.5411908 0.3211554 0.4190199 0.3211554 0.5411908 0.2569243 0.6633617 1.113339 0.5411908 1.113339 0.6633617 1.027697 0.6633617 1.027697 0.5411908 1.113339 0.5411908 1.027697 0.6633617 1.027697 0.5411908 1.027697 0.6633617 0.942056 0.6633617 0.942056 0.5411908 1.027697 0.5411908 0.942056 0.6633617 0.942056 0.5411908 0.942056 0.6633617 0.8564145 0.6633617 0.8564145 0.5411908 0.942056 0.5411908 0.8564145 0.6633617 0.8564145 0.5411908 0.8564145 0.6633617 0.7707731 0.6633617 0.7707731 0.5411908 0.8564145 0.5411908 0.7707731 0.6633617 0.7707731 0.5411908 0.7707731 0.6633617 0.6851316 0.6633617 0.6851316 0.5411908 0.7707731 0.5411908 0.6851316 0.6633617 0.6851316 0.5411908 0.6851316 0.6633617 0.5994902 0.6633617 0.5994902 0.5411908 0.6851316 0.5411908 0.5994902 0.6633617 0.5994902 0.5411908 0.5994902 0.6633617 0.5138487 0.6633617 0.5138487 0.5411908 0.5994902 0.5411908 0.5138487 0.6633617 0.5138487 0.5411908 0.5138487 0.6633617 0.4496176 0.6633617 0.4496176 0.5411908 0.5138487 0.5411908 0.4496176 0.6633617 0.4496176 0.5411908 0.4496176 0.6633617 0.3853865 0.6633617 0.3853865 0.5411908 0.4496176 0.5411908 0.3853865 0.6633617 0.3853865 0.5411908 0.3853865 0.6633617 0.3211554 0.6633617 0.3211554 0.5411908 0.3853865 0.5411908 0.3211554 0.6633617 0.3211554 0.5411908 0.3211554 0.6633617 0.2569243 0.6633617 0.2569243 0.5411908 0.3211554 0.5411908 0.2569243 0.6633617 0.2569243 0.5411908 0.2569243 0.6633617 0.1926932 0.9077035 1.027697 0.9077035 1.113339 0.7855326 1.113339 0.7855326 1.113339 0.6633617 1.113339 0.7855326 1.027697 0.7855326 1.027697 0.6633617 1.113339 0.6633617 1.027697 0.7855326 1.027697 0.6633617 1.027697 0.7855326 0.942056 0.7855326 0.942056 0.6633617 1.027697 0.6633617 0.942056 0.7855326 0.942056 0.6633617 0.942056 0.7855326 0.8564145 0.7855326 0.8564145 0.6633617 0.942056 0.6633617 0.8564145 0.7855326 0.8564145 0.6633617 0.8564145 0.7855326 0.7707731 0.7855326 0.7707731 0.6633617 0.8564145 0.6633617 0.7707731 0.7855326 0.7707731 0.6633617 0.7707731 0.7855326 0.6851316 0.7855326 0.6851316 0.6633617 0.7707731 0.6633617 0.6851316 0.7855326 0.6851316 0.6633617 0.6851316 0.7855326 0.5994902 0.7855326 0.5994902 0.6633617 0.6851316 0.6633617 0.5994902 0.7855326 0.5994902 0.6633617 0.5994902 0.7855326 0.5138487 0.7855326 0.5138487 0.6633617 0.5994902 0.6633617 0.5138487 0.7855326 0.5138487 0.6633617 0.5138487 0.7855326 0.4496176 0.7855326 0.4496176 0.6633617 0.5138487 0.6633617 0.4496176 0.7855326 0.4496176 0.6633617 0.4496176 0.7855326 0.3853865 0.7855326 0.3853865 0.6633617 0.4496176 0.6633617 0.3853865 0.7855326 0.3853865 0.6633617 0.3853865 0.7855326 0.3211554 0.7855326 0.3211554 0.6633617 0.3853865 0.6633617 0.3211554 0.7855326 0.3211554 0.6633617 0.3211554 0.7855326 0.2569243 0.7855326 0.2569243 0.6633617 0.3211554 0.6633617 0.2569243 0.7855326 0.2569243 0.6633617 0.2569243 0.7855326 0.1926932 0.7855326 0.1926932 0.6633617 0.2569243 0.6633617 0.1926932 0.7855326 0.1926932 0.6633617 0.1926932 0.7855326 0.1284621 0.9077035 0.942056 0.9077035 1.027697 0.7855326 1.027697 0.7855326 1.027697 0.9077035 1.027697 0.7855326 1.113339 0.9077035 0.942056 0.7855326 1.027697 0.7855326 0.942056 0.9077035 0.8564145 0.9077035 0.942056 0.7855326 0.942056 0.9077035 0.8564145 0.7855326 0.942056 0.7855326 0.8564145 0.9077035 0.7707731 0.9077035 0.8564145 0.7855326 0.8564145 0.9077035 0.7707731 0.7855326 0.8564145 0.7855326 0.7707731 0.9077035 0.6851316 0.9077035 0.7707731 0.7855326 0.7707731 0.9077035 0.6851316 0.7855326 0.7707731 0.7855326 0.6851316 0.9077035 0.5994902 0.9077035 0.6851316 0.7855326 0.6851316 0.9077035 0.5994902 0.7855326 0.6851316 0.7855326 0.5994902 0.9077035 0.5138487 0.9077035 0.5994902 0.7855326 0.5994902 0.9077035 0.5138487 0.7855326 0.5994902 0.7855326 0.5138487 0.9077035 0.4496176 0.9077035 0.5138487 0.7855326 0.5138487 0.9077035 0.4496176 0.7855326 0.5138487 0.7855326 0.4496176 0.9077035 0.4496176 0.7855326 0.4496176 0.9077035 0.3853865 0.9077035 0.3853865 0.7855326 0.4496176 0.7855326 0.3853865 0.9077035 0.3853865 0.7855326 0.3853865 0.9077035 0.3211554 0.9077035 0.3211554 0.7855326 0.3853865 0.7855326 0.3211554 0.9077035 0.3211554 0.7855326 0.3211554 0.9077035 0.2569243 0.9077035 0.2569243 0.7855326 0.3211554 0.7855326 0.2569243 0.9077035 0.2569243 0.7855326 0.2569243 0.9077035 0.1926932 0.9077035 0.1926932 0.7855326 0.2569243 0.7855326 0.1926932 0.9077035 0.1926932 0.7855326 0.1926932 0.9077035 0.1284621 0.9077035 0.1284621 0.7855326 0.1926932 0.7855326 0.1284621 -0.04999995 0.06766253 -0.04999995 0 0 0.05799645 0 0.05799645 -0.04999995 0 0.04970377 0 0 0.05799645 0.04970377 0 0.04978471 0.07164222 0 0.05799645 0.04978471 0.07164222 0 0.1159929 0 0.1159929 0.04978471 0.07164222 0.04986405 0.1404499 0 0.1159929 0.04986405 0.1404499 0 0.1739894 0 0.1739894 0.04986405 0.1404499 0.04993712 0.2065879 0 0.1739894 0.04993712 0.2065879 0 0.2319858 0 0.2319858 0.04993712 0.2065879 0.04999995 0.2702087 0 0.2319858 0.04999995 0.2702087 0 0.2899823 0 0.2899823 0.04999995 0.2702087 0.04999995 0.3340374 0 0.2899823 0.04999995 0.3340374 0 0.3479788 0 0.3479788 0.04999995 0.3340374 0.04999995 0.4003915 0 0.3479788 0.04999995 0.4003915 0 0.4059752 0 0.4059752 0.04999995 0.4003915 0.04999995 0.469424 0 0.4059752 0.04999995 0.469424 0 0.4639717 0 0.4639717 0.04999995 0.469424 0 0.5413004 0 0.4639717 0 0.5413004 -0.04999995 0.4736378 -0.04999995 0.4736378 0 0.5413004 -0.04999995 0.5413004 -0.04999995 0.5413004 0 0.5413004 -0.04999995 0.6089629 -0.04999995 0.6089629 0 0.5413004 0 0.618629 -0.04999995 0.6089629 0 0.618629 -0.04999995 0.6766254 -0.04999995 0.6766254 0 0.618629 0 0.6959576 -0.04999995 0.6766254 0 0.6959576 -0.04999995 0.744288 -0.04999995 0.744288 0 0.6959576 0 0.7732862 -0.04999995 0.744288 0 0.7732862 -0.04999995 0.8119505 -0.04999995 0.8119505 0 0.7732862 0 0.8506148 -0.04999995 0.8119505 0 0.8506148 -0.04999995 0.8796131 -0.04999995 0.8796131 0 0.8506148 0 0.9279434 -0.04999995 0.8796131 0 0.9279434 -0.04999995 0.9472756 -0.04999995 0.9472756 0 0.9279434 0 1.005272 -0.04999995 0.9472756 0 1.005272 -0.04999995 1.014938 -0.04999995 1.014938 0 1.005272 -0.04999995 1.082601 -0.04999995 1.082601 0 1.005272 0.04978471 1.010958 -0.04999995 1.082601 0.04978471 1.010958 0.04970377 1.082601 0.04999995 0.469424 0.04999995 0.5413004 0 0.5413004 0 0.5413004 0.04999995 0.5413004 0.04999995 0.6131767 0 0.5413004 0.04999995 0.6131767 0 0.618629 0 0.618629 0.04999995 0.6131767 0.04999995 0.6822091 0 0.618629 0.04999995 0.6822091 0 0.6959576 0 0.6959576 0.04999995 0.6822091 0.04999995 0.7485633 0 0.6959576 0.04999995 0.7485633 0 0.7732862 0 0.7732862 0.04999995 0.7485633 0.04999995 0.8123919 0 0.7732862 0.04999995 0.8123919 0 0.8506148 0 0.8506148 0.04999995 0.8123919 0.04993712 0.8760128 0 0.8506148 0.04993712 0.8760128 0 0.9279434 0 0.9279434 0.04993712 0.8760128 0.04986405 0.9421508 0 0.9279434 0.04986405 0.9421508 0 1.005272 0 1.005272 0.04986405 0.9421508 0.04978471 1.010958 -0.04999995 0.4736378 -0.04999995 0.4059752 0 0.4639717 0 0.4639717 -0.04999995 0.4059752 0 0.4059752 0 0.4059752 -0.04999995 0.4059752 0 0.3479788 0 0.3479788 -0.04999995 0.4059752 -0.04999995 0.3383127 0 0.3479788 -0.04999995 0.3383127 0 0.2899823 0 0.2899823 -0.04999995 0.3383127 -0.04999995 0.2706502 0 0.2899823 -0.04999995 0.2706502 0 0.2319858 0 0.2319858 -0.04999995 0.2706502 -0.04999995 0.2029876 0 0.2319858 -0.04999995 0.2029876 0 0.1739894 0 0.1739894 -0.04999995 0.2029876 -0.04999995 0.1353251 0 0.1739894 -0.04999995 0.1353251 0 0.1159929 0 0.1159929 -0.04999995 0.1353251 -0.04999995 0.06766253 0 0.1159929 -0.04999995 0.06766253 0 0.05799645 -0.2710106 0.2702792 0 0.2702792 -0.2135773 0.3176197 -0.2135773 0.3176197 0 0.2702792 0 0.3265146 -0.2135773 0.3176197 0 0.3265146 -0.1467109 0.3535159 -0.1467109 0.3535159 0 0.3265146 -0.07407647 0.3755133 -0.07407647 0.3755133 0 0.3265146 0 0.38275 0 0.38275 0 0.3265146 0.07407647 0.3755133 0.07407647 0.3755133 0 0.3265146 0.1467109 0.3535159 0.1467109 0.3535159 0 0.3265146 0.2135773 0.3176197 0.2135773 0.3176197 0 0.3265146 0 0.2702792 0.2135773 0.3176197 0 0.2702792 0.2710106 0.2702792 0.3763601 -0.06964635 0.38275 0 0 0 0 0 0.38275 0 0.3763601 0.06964635 0 0 0.3763601 0.06964635 0.3558765 0.1408882 0.3558765 0.1408882 0.32036 0.2094445 0 0 0 0 0.32036 0.2094445 0.2706451 0.2706451 0 0 0.2706451 0.2706451 0.2094445 0.32036 0.2094445 0.32036 0.1408882 0.3558765 0 0 0 0 0.1408882 0.3558765 0.06964635 0.3763601 0 0 0.06964635 0.3763601 0 0.38275 0 0.38275 -0.06964635 0.3763601 0 0 0 0 -0.06964635 0.3763601 -0.1408882 0.3558765 0 0 -0.1408882 0.3558765 -0.2094445 0.32036 -0.2094445 0.32036 -0.2706451 0.2706451 0 0 0 0 -0.2706451 0.2706451 -0.32036 0.2094445 0 0 -0.32036 0.2094445 -0.3558765 0.1408882 -0.3558765 0.1408882 -0.3763601 0.06964635 0 0 0 0 -0.3763601 0.06964635 -0.38275 0 0 0 -0.38275 0 -0.3763601 -0.06964635 -0.3763601 -0.06964635 -0.3558765 -0.1408882 0 0 0 0 -0.3558765 -0.1408882 -0.32036 -0.2094445 0 0 -0.32036 -0.2094445 -0.2706451 -0.2706451 -0.2706451 -0.2706451 -0.2094445 -0.32036 0 0 0 0 -0.2094445 -0.32036 -0.1408882 -0.3558765 0 0 -0.1408882 -0.3558765 -0.06964635 -0.3763601 -0.06964635 -0.3763601 0 -0.38275 0 0 0 0 0 -0.38275 0.06964635 -0.3763601 0 0 0.06964635 -0.3763601 0.1408882 -0.3558765 0.1408882 -0.3558765 0.2094445 -0.32036 0 0 0 0 0.2094445 -0.32036 0.2706451 -0.2706451 0 0 0.2706451 -0.2706451 0.32036 -0.2094445 0.32036 -0.2094445 0.3558765 -0.1408882 0 0 0 0 0.3558765 -0.1408882 0.3763601 -0.06964635 -0.1159403 -1.739784 -0.0025779 -1.729383 -0.001653075 0 -0.001653075 0 -0.0025779 -1.729383 0.1107845 -1.739784 -0.001653075 0 0.1107845 -1.739784 0.2267439 -1.773124 0.2267439 -1.773124 0.338332 -1.830934 -0.001653075 0 -0.001653075 0 0.338332 -1.830934 0.4379473 -1.911854 -0.001653075 0 0.4379473 -1.911854 2.498347 -1.832505 2.498347 -1.832505 0.4379473 -1.911854 0.5188676 -2.01147 2.498347 -1.832505 0.5188676 -2.01147 0.5766772 -2.123058 0.5766772 -2.123058 0.6100182 -2.239017 2.498347 -1.832505 2.498347 -1.832505 0.6100182 -2.239017 1.264907 -3.063245 1.264907 -3.063245 0.6100182 -2.239017 0.6204189 -2.35238 1.264907 -3.063245 0.6204189 -2.35238 0.6100182 -2.465742 0.6100182 -2.465742 0.5766772 -2.581701 1.264907 -3.063245 1.264907 -3.063245 0.5766772 -2.581701 0.5188676 -2.693289 1.264907 -3.063245 0.5188676 -2.693289 0.4379473 -2.792905 0.4379473 -2.792905 0.338332 -2.873825 1.264907 -3.063245 1.264907 -3.063245 0.338332 -2.873825 0.2267439 -2.931635 1.264907 -3.063245 0.2267439 -2.931635 0.1107845 -2.964976 0.1107845 -2.964976 -0.0025779 -2.975376 1.264907 -3.063245 1.264907 -3.063245 -0.0025779 -2.975376 -1.271617 -3.060465 -1.271617 -3.060465 -0.0025779 -2.975376 -0.1159403 -2.964976 -1.271617 -3.060465 -0.1159403 -2.964976 -0.2318997 -2.931635 -0.2318997 -2.931635 -0.3434878 -2.873825 -1.271617 -3.060465 -1.271617 -3.060465 -0.3434878 -2.873825 -0.4431031 -2.792905 -1.271617 -3.060465 -0.4431031 -2.792905 -0.5240234 -2.693289 -0.5240234 -2.693289 -0.5818331 -2.581701 -1.271617 -3.060465 -1.271617 -3.060465 -0.5818331 -2.581701 -0.615174 -2.465742 -1.271617 -3.060465 -0.615174 -2.465742 -0.6255747 -2.35238 -0.6255747 -2.35238 -0.615174 -2.239017 -1.271617 -3.060465 -1.271617 -3.060465 -0.615174 -2.239017 -2.501653 -1.827731 -2.501653 -1.827731 -0.615174 -2.239017 -0.5818331 -2.123058 -2.501653 -1.827731 -0.5818331 -2.123058 -0.5240234 -2.01147 -0.5240234 -2.01147 -0.4431031 -1.911854 -2.501653 -1.827731 -2.501653 -1.827731 -0.4431031 -1.911854 -0.001653075 0 -2.501653 -1.827731 -0.001653075 0 -2.501653 1.829206 -2.501653 1.829206 -0.001653075 0 -0.4379525 1.907092 -2.501653 1.829206 -0.4379525 1.907092 -0.5188728 2.006708 -0.4431031 -1.911854 -0.3434878 -1.830934 -0.001653075 0 -0.001653075 0 -0.3434878 -1.830934 -0.2318997 -1.773124 -0.001653075 0 -0.2318997 -1.773124 -0.1159403 -1.739784 0.1159351 2.960214 1.271617 3.060465 0.002572655 2.970614 0.002572655 2.970614 1.271617 3.060465 -1.264907 3.063245 0.002572655 2.970614 -1.264907 3.063245 -0.1107897 2.960214 -0.1107897 2.960214 -1.264907 3.063245 -0.2267491 2.926873 -0.2267491 2.926873 -1.264907 3.063245 -0.3383372 2.869063 -0.3383372 2.869063 -1.264907 3.063245 -0.4379525 2.788143 -0.4379525 2.788143 -1.264907 3.063245 -0.5188728 2.688528 -0.5188728 2.688528 -1.264907 3.063245 -0.5766825 2.576939 -0.5766825 2.576939 -1.264907 3.063245 -0.6100234 2.46098 -0.6100234 2.46098 -1.264907 3.063245 -0.6204241 2.347618 -0.6204241 2.347618 -1.264907 3.063245 -0.6100234 2.234255 -0.6100234 2.234255 -1.264907 3.063245 -2.501653 1.829206 -0.6100234 2.234255 -2.501653 1.829206 -0.5766825 2.118296 -0.5766825 2.118296 -2.501653 1.829206 -0.5188728 2.006708 0.1159351 2.960214 0.2318945 2.926873 1.271617 3.060465 1.271617 3.060465 0.2318945 2.926873 0.3434826 2.869063 1.271617 3.060465 0.3434826 2.869063 0.443098 2.788143 0.443098 2.788143 0.5240182 2.688528 1.271617 3.060465 1.271617 3.060465 0.5240182 2.688528 0.5818278 2.576939 1.271617 3.060465 0.5818278 2.576939 0.6151688 2.46098 0.6151688 2.46098 0.6255695 2.347618 1.271617 3.060465 1.271617 3.060465 0.6255695 2.347618 0.6151688 2.234255 1.271617 3.060465 0.6151688 2.234255 2.498347 1.831044 2.498347 1.831044 0.6151688 2.234255 0.5818278 2.118296 2.498347 1.831044 0.5818278 2.118296 0.5240182 2.006708 0.5240182 2.006708 0.443098 1.907092 2.498347 1.831044 2.498347 1.831044 0.443098 1.907092 -0.001653075 0 2.498347 1.831044 -0.001653075 0 2.498347 -1.832505 0.443098 1.907092 0.3434826 1.826172 -0.001653075 0 -0.001653075 0 0.3434826 1.826172 0.2318945 1.768362 -0.001653075 0 0.2318945 1.768362 0.1159351 1.735021 0.1159351 1.735021 0.002572655 1.724621 -0.001653075 0 -0.001653075 0 0.002572655 1.724621 -0.1107897 1.735021 -0.001653075 0 -0.1107897 1.735021 -0.2267491 1.768362 -0.2267491 1.768362 -0.3383372 1.826172 -0.001653075 0 -0.001653075 0 -0.3383372 1.826172 -0.4379525 1.907092 -0.04999995 0.06766253 -0.04999995 0 -8.53405e-4 0.05799645 -8.53405e-4 0.05799645 -0.04999995 0 0.04829317 0 -8.53405e-4 0.05799645 0.04829317 0 0.04821681 0.06766253 -8.53405e-4 0.05799645 0.04821681 0.06766253 -8.53405e-4 0.1159929 -8.53405e-4 0.1159929 0.04821681 0.06766253 0.04813879 0.1353251 -8.53405e-4 0.1159929 0.04813879 0.1353251 -8.53405e-4 0.1739894 -8.53405e-4 0.1739894 0.04813879 0.1353251 0.04806363 0.2029876 -8.53405e-4 0.1739894 0.04806363 0.2029876 -8.53405e-4 0.2319858 -8.53405e-4 0.2319858 0.04806363 0.2029876 0.04799658 0.2706502 -8.53405e-4 0.2319858 0.04799658 0.2706502 -8.53405e-4 0.2899823 -8.53405e-4 0.2899823 0.04799658 0.2706502 0.0479421 0.3383127 -8.53405e-4 0.2899823 0.0479421 0.3383127 -8.53405e-4 0.3479788 -8.53405e-4 0.3479788 0.0479421 0.3383127 0.04790318 0.4059752 -8.53405e-4 0.3479788 0.04790318 0.4059752 -8.53405e-4 0.4059752 -8.53405e-4 0.4059752 0.04790318 0.4059752 -8.53405e-4 0.4639717 -8.53405e-4 0.4059752 -8.53405e-4 0.4639717 -0.04999995 0.4059752 -0.04999995 0.4059752 -8.53405e-4 0.4639717 -0.04999995 0.4736378 -0.04999995 0.4736378 -8.53405e-4 0.4639717 -8.53405e-4 0.5413004 -0.04999995 0.4736378 -8.53405e-4 0.5413004 -0.04999995 0.5413004 -0.04999995 0.5413004 -8.53405e-4 0.5413004 -0.04999995 0.6089629 -0.04999995 0.6089629 -8.53405e-4 0.5413004 -8.53405e-4 0.618629 -0.04999995 0.6089629 -8.53405e-4 0.618629 -0.04999995 0.6766254 -0.04999995 0.6766254 -8.53405e-4 0.618629 -8.53405e-4 0.6959576 -0.04999995 0.6766254 -8.53405e-4 0.6959576 -0.04999995 0.744288 -0.04999995 0.744288 -8.53405e-4 0.6959576 -8.53405e-4 0.7732862 -0.04999995 0.744288 -8.53405e-4 0.7732862 -0.04999995 0.8119505 -0.04999995 0.8119505 -8.53405e-4 0.7732862 -8.53405e-4 0.8506148 -0.04999995 0.8119505 -8.53405e-4 0.8506148 -0.04999995 0.8796131 -0.04999995 0.8796131 -8.53405e-4 0.8506148 -8.53405e-4 0.9279434 -0.04999995 0.8796131 -8.53405e-4 0.9279434 -0.04999995 0.9472756 -0.04999995 0.9472756 -8.53405e-4 0.9279434 -8.53405e-4 1.005272 -0.04999995 0.9472756 -8.53405e-4 1.005272 -0.04999995 1.014938 -0.04999995 1.014938 -8.53405e-4 1.005272 -0.04999995 1.082601 -0.04999995 1.082601 -8.53405e-4 1.005272 0.04821681 1.014938 -0.04999995 1.082601 0.04821681 1.014938 0.04829317 1.082601 0.04790318 0.4059752 0.0478807 0.4736378 -8.53405e-4 0.4639717 -8.53405e-4 0.4639717 0.0478807 0.4736378 -8.53405e-4 0.5413004 0.0478807 0.4736378 0.04787373 0.5413004 -8.53405e-4 0.5413004 -8.53405e-4 0.5413004 0.04787373 0.5413004 0.0478807 0.6089629 -8.53405e-4 0.5413004 0.0478807 0.6089629 -8.53405e-4 0.618629 -8.53405e-4 0.618629 0.0478807 0.6089629 0.04790318 0.6766254 -8.53405e-4 0.618629 0.04790318 0.6766254 -8.53405e-4 0.6959576 -8.53405e-4 0.6959576 0.04790318 0.6766254 0.0479421 0.744288 -8.53405e-4 0.6959576 0.0479421 0.744288 -8.53405e-4 0.7732862 -8.53405e-4 0.7732862 0.0479421 0.744288 0.04799658 0.8119505 -8.53405e-4 0.7732862 0.04799658 0.8119505 -8.53405e-4 0.8506148 -8.53405e-4 0.8506148 0.04799658 0.8119505 0.04806363 0.8796131 -8.53405e-4 0.8506148 0.04806363 0.8796131 -8.53405e-4 0.9279434 -8.53405e-4 0.9279434 0.04806363 0.8796131 0.04813879 0.9472756 -8.53405e-4 0.9279434 0.04813879 0.9472756 -8.53405e-4 1.005272 -8.53405e-4 1.005272 0.04813879 0.9472756 0.04821681 1.014938 -8.53405e-4 0.4059752 -0.04999995 0.4059752 -8.53405e-4 0.3479788 -8.53405e-4 0.3479788 -0.04999995 0.4059752 -0.04999995 0.3383127 -8.53405e-4 0.3479788 -0.04999995 0.3383127 -8.53405e-4 0.2899823 -8.53405e-4 0.2899823 -0.04999995 0.3383127 -0.04999995 0.2706502 -8.53405e-4 0.2899823 -0.04999995 0.2706502 -8.53405e-4 0.2319858 -8.53405e-4 0.2319858 -0.04999995 0.2706502 -0.04999995 0.2029876 -8.53405e-4 0.2319858 -0.04999995 0.2029876 -8.53405e-4 0.1739894 -8.53405e-4 0.1739894 -0.04999995 0.2029876 -0.04999995 0.1353251 -8.53405e-4 0.1739894 -0.04999995 0.1353251 -8.53405e-4 0.1159929 -8.53405e-4 0.1159929 -0.04999995 0.1353251 -0.04999995 0.06766253 -8.53405e-4 0.1159929 -0.04999995 0.06766253 -8.53405e-4 0.05799645 0.3763601 -0.06964635 0.38275 0 0 0 0 0 0.38275 0 0.3763601 0.06964635 0 0 0.3763601 0.06964635 0.3558765 0.1408882 0.3558765 0.1408882 0.32036 0.2094445 0 0 0 0 0.32036 0.2094445 0.2706451 0.2706451 0 0 0.2706451 0.2706451 0.2094445 0.32036 0.2094445 0.32036 0.1408882 0.3558765 0 0 0 0 0.1408882 0.3558765 0.06964635 0.3763601 0 0 0.06964635 0.3763601 0 0.38275 0 0.38275 -0.06964635 0.3763601 0 0 0 0 -0.06964635 0.3763601 -0.1408882 0.3558765 0 0 -0.1408882 0.3558765 -0.2094445 0.32036 -0.2094445 0.32036 -0.2706451 0.2706451 0 0 0 0 -0.2706451 0.2706451 -0.32036 0.2094445 0 0 -0.32036 0.2094445 -0.3558765 0.1408882 -0.3558765 0.1408882 -0.3763601 0.06964635 0 0 0 0 -0.3763601 0.06964635 -0.38275 0 0 0 -0.38275 0 -0.3763601 -0.06964635 -0.3763601 -0.06964635 -0.3558765 -0.1408882 0 0 0 0 -0.3558765 -0.1408882 -0.32036 -0.2094445 0 0 -0.32036 -0.2094445 -0.2706451 -0.2706451 -0.2706451 -0.2706451 -0.2094445 -0.32036 0 0 0 0 -0.2094445 -0.32036 -0.1408882 -0.3558765 0 0 -0.1408882 -0.3558765 -0.06964635 -0.3763601 -0.06964635 -0.3763601 0 -0.38275 0 0 0 0 0 -0.38275 0.06964635 -0.3763601 0 0 0.06964635 -0.3763601 0.1408882 -0.3558765 0.1408882 -0.3558765 0.2094445 -0.32036 0 0 0 0 0.2094445 -0.32036 0.2706451 -0.2706451 0 0 0.2706451 -0.2706451 0.32036 -0.2094445 0.32036 -0.2094445 0.3558765 -0.1408882 0 0 0 0 0.3558765 -0.1408882 0.3763601 -0.06964635 -0.271475 -0.225376 -0.271475 0.0456345 -1.787359 0.8 -1.787359 0.8 -0.271475 0.0456345 -0.2141226 0.09268009 -1.787359 0.8 -0.2141226 0.09268009 -0.1474288 0.1283377 -0.1474288 0.1283377 -0.07502591 0.1501857 -1.787359 0.8 -1.787359 0.8 -0.07502591 0.1501857 -0.001195609 0.1573739 -1.787359 0.8 -0.001195609 0.1573739 1.876191 0.8 1.876191 0.8 -0.001195609 0.1573739 0.06845074 0.1509841 1.876191 0.8 0.06845074 0.1509841 0.1396927 0.1305004 0.1396927 0.1305004 0.208249 0.09498399 1.876191 0.8 1.876191 0.8 0.208249 0.09498399 0.2694496 0.04526907 1.876191 0.8 0.2694496 0.04526907 0.3191646 -0.01593148 0.3191646 -0.01593148 0.354681 -0.08448779 1.876191 0.8 1.876191 0.8 0.354681 -0.08448779 0.3751647 -0.1557297 1.876191 0.8 0.3751647 -0.1557297 0.3815546 -0.225376 0.3815546 -0.225376 0.3751647 -0.2950224 1.876191 0.8 1.876191 0.8 0.3751647 -0.2950224 1.876191 -2.1 1.876191 -2.1 0.3751647 -0.2950224 0.354681 -0.3662643 1.876191 -2.1 0.354681 -0.3662643 0.3191646 -0.4348205 0.3191646 -0.4348205 0.2694496 -0.4960212 1.876191 -2.1 1.876191 -2.1 0.2694496 -0.4960212 0.208249 -0.5457361 1.876191 -2.1 0.208249 -0.5457361 0.04441595 -0.65 0.04441595 -0.65 0.208249 -0.5457361 0.1396927 -0.5812525 0.04441595 -0.65 0.1396927 -0.5812525 0.06845074 -0.6017362 0.06845074 -0.6017362 -0.001195609 -0.6081261 0.04441595 -0.65 0.04441595 -0.65 -0.001195609 -0.6081261 -0.07502591 -0.6009379 0.04441595 -0.65 -0.07502591 -0.6009379 -0.1474288 -0.5790898 0.04441595 -0.65 -0.1474288 -0.5790898 -1.787359 -2.1 -1.787359 -2.1 -0.1474288 -0.5790898 -0.2141226 -0.5434322 -1.787359 -2.1 -0.2141226 -0.5434322 -0.271475 -0.4963866 -1.787359 -2.1 -0.271475 -0.4963866 -1.787359 0.8 -1.787359 0.8 -0.271475 -0.4963866 -0.271475 -0.225376 -1.787359 -2.1 1.876191 -2.1 0.04441595 -0.65 -1.271617 3.060465 -2.498347 1.831044 0.001653075 0 0.001653075 0 -2.498347 1.831044 -2.498347 -1.832505 0.001653075 0 -2.498347 -1.832505 -1.264907 -3.063245 -1.264907 -3.063245 1.271617 -3.060465 0.001653075 0 0.001653075 0 1.271617 -3.060465 2.501653 -1.827731 0.001653075 0 2.501653 -1.827731 2.501653 1.829206 2.501653 1.829206 1.264907 3.063245 0.001653075 0 0.001653075 0 1.264907 3.063245 -1.271617 3.060465 2.536525 1.9 0.7940858 1.9 1.665306 0.45 1.665306 0.45 0.7940858 1.9 0.7940858 -1 1.665306 0.45 0.7940858 -1 2.536525 -1 2.536525 -1 2.536525 1.9 1.665306 0.45 -0.3696853 -0.2950224 -0.3760752 -0.225376 -1.871416 0.8 -1.871416 0.8 -0.3760752 -0.225376 -0.3696853 -0.1557297 -1.871416 0.8 -0.3696853 -0.1557297 -0.3492016 -0.08448779 -0.3492016 -0.08448779 -0.3136852 -0.01593148 -1.871416 0.8 -1.871416 0.8 -0.3136852 -0.01593148 -0.2639703 0.04526907 -1.871416 0.8 -0.2639703 0.04526907 -0.2027696 0.09498399 -0.2027696 0.09498399 -0.1342133 0.1305004 -1.871416 0.8 -1.871416 0.8 -0.1342133 0.1305004 -0.06297135 0.1509841 -1.871416 0.8 -0.06297135 0.1509841 0.006675004 0.1573739 -1.871416 0.8 0.006675004 0.1573739 1.785521 0.8 1.785521 0.8 0.006675004 0.1573739 0.07632142 0.1509841 1.785521 0.8 0.07632142 0.1509841 0.1475633 0.1305004 0.1475633 0.1305004 0.2161197 0.09498399 1.785521 0.8 1.785521 0.8 0.2161197 0.09498399 0.2773203 0.04526907 1.785521 0.8 0.2773203 0.04526907 0.3270353 -0.01593148 0.3270353 -0.01593148 0.3625517 -0.08448779 1.785521 0.8 1.785521 0.8 0.3625517 -0.08448779 0.3830354 -0.1557297 1.785521 0.8 0.3830354 -0.1557297 0.3894252 -0.225376 0.3894252 -0.225376 0.3830354 -0.2950224 1.785521 0.8 1.785521 0.8 0.3830354 -0.2950224 1.785521 -2.1 1.785521 -2.1 0.3830354 -0.2950224 0.3625517 -0.3662643 1.785521 -2.1 0.3625517 -0.3662643 0.3270353 -0.4348205 0.3270353 -0.4348205 0.2773203 -0.4960212 1.785521 -2.1 1.785521 -2.1 0.2773203 -0.4960212 0.2161197 -0.5457361 1.785521 -2.1 0.2161197 -0.5457361 0.1475633 -0.5812525 1.785521 -2.1 0.1475633 -0.5812525 -0.04294776 -0.65 -0.04294776 -0.65 0.1475633 -0.5812525 0.07632142 -0.6017362 -0.04294776 -0.65 0.07632142 -0.6017362 0.006675004 -0.6081261 0.006675004 -0.6081261 -0.06297135 -0.6017362 -0.04294776 -0.65 -0.04294776 -0.65 -0.06297135 -0.6017362 -0.1342133 -0.5812525 -0.04294776 -0.65 -0.1342133 -0.5812525 -0.2027696 -0.5457361 -0.04294776 -0.65 -0.2027696 -0.5457361 -1.871416 -2.1 -1.871416 -2.1 -0.2027696 -0.5457361 -0.2639703 -0.4960212 -1.871416 -2.1 -0.2639703 -0.4960212 -0.3136852 -0.4348205 -0.3136852 -0.4348205 -0.3492016 -0.3662643 -1.871416 -2.1 -1.871416 -2.1 -0.3492016 -0.3662643 -0.3696853 -0.2950224 -1.871416 -2.1 -0.3696853 -0.2950224 -1.871416 0.8 -1.871416 -2.1 1.785521 -2.1 -0.04294776 -0.65 2.536525 1.9 0.7894151 1.9 1.66297 0.45 1.66297 0.45 0.7894151 1.9 0.7894151 -1 1.66297 0.45 0.7894151 -1 2.536525 -1 2.536525 -1 2.536525 1.9 1.66297 0.45 0 -1 1.736762 -1 0.8683809 0.45 0.8683809 0.45 1.736762 -1 1.736762 1.9 0.8683809 0.45 1.736762 1.9 0 1.9 0 1.9 0 -1 0.8683809 0.45 0 -1 2.536525 -1 1.268263 0.45 1.268263 0.45 2.536525 -1 2.536525 1.9 1.268263 0.45 2.536525 1.9 0 1.9 0 1.9 0 -1 1.268263 0.45 0 -1 1.741443 -1 0.8707213 0.45 0.8707213 0.45 1.741443 -1 1.741443 1.9 0.8707213 0.45 1.741443 1.9 0 1.9 0 1.9 0 -1 0.8707213 0.45 0 -1 2.536525 -1 1.268263 0.45 1.268263 0.45 2.536525 -1 2.536525 1.9 1.268263 0.45 2.536525 1.9 0 1.9 0 1.9 0 -1 1.268263 0.45</float_array>
          <technique_common>
            <accessor source="#base_link-mesh-map-0-array" count="4380" stride="2">
              <param name="S" type="float"/>
              <param name="T" type="float"/>
            </accessor>
          </technique_common>
        </source>
        <vertices id="base_link-mesh-vertices">
          <input semantic="POSITION" source="#base_link-mesh-positions"/>
        </vertices>
        <triangles material="ABS__White_-material" count="1460">
          <input semantic="VERTEX" source="#base_link-mesh-vertices" offset="0"/>
          <input semantic="NORMAL" source="#base_link-mesh-normals" offset="1"/>
          <input semantic="TEXCOORD" source="#base_link-mesh-map-0" offset="2" set="0"/>
          <p>0 0 0 1 1 1 33 2 2 33 2 3 1 1 4 35 3 5 33 2 6 35 3 7 32 4 8 32 4 9 35 3 10 36 5 11 32 4 12 36 5 13 31 6 14 31 6 15 36 5 16 37 7 17 31 6 18 37 7 19 30 8 20 30 8 21 37 7 22 38 9 23 30 8 24 38 9 25 29 10 26 29 10 27 38 9 28 39 11 29 29 10 30 39 11 31 28 12 32 28 12 33 39 11 34 40 13 35 28 12 36 40 13 37 27 14 38 27 14 39 40 13 40 41 15 41 27 14 42 41 15 43 26 16 44 26 16 45 41 15 46 25 17 47 25 17 48 41 15 49 42 18 50 25 17 51 42 18 52 24 19 53 24 19 54 42 18 55 43 20 56 24 19 57 43 20 58 34 21 59 34 21 60 43 20 61 11 22 62 34 21 63 11 22 64 12 23 65 1 1 66 2 24 67 35 3 68 35 3 69 2 24 70 3 25 71 35 3 72 3 25 73 36 5 74 36 5 75 3 25 76 4 26 77 36 5 78 4 26 79 37 7 80 37 7 81 4 26 82 5 27 83 37 7 84 5 27 85 38 9 86 38 9 87 5 27 88 6 28 89 38 9 90 6 28 91 39 11 92 39 11 93 6 28 94 7 29 95 39 11 96 7 29 97 40 13 98 40 13 99 7 29 100 8 30 101 40 13 102 8 30 103 41 15 104 41 15 105 8 30 106 9 16 107 41 15 108 9 16 109 10 31 110 41 15 111 10 31 112 42 18 113 42 18 114 10 31 115 11 22 116 42 18 117 11 22 118 43 20 119 34 21 120 12 23 121 44 32 122 44 32 123 12 23 124 13 33 125 44 32 126 13 33 127 45 34 128 45 34 129 13 33 130 14 35 131 45 34 132 14 35 133 46 36 134 46 36 135 14 35 136 15 37 137 46 36 138 15 37 139 47 38 140 47 38 141 15 37 142 16 39 143 47 38 144 16 39 145 48 40 146 48 40 147 16 39 148 17 41 149 48 40 150 17 41 151 18 42 152 18 42 153 19 43 154 48 40 155 48 40 156 19 43 157 47 38 158 19 43 159 20 44 160 47 38 161 47 38 162 20 44 163 46 36 164 20 44 165 21 45 166 46 36 167 46 36 168 21 45 169 45 34 170 21 45 171 22 46 172 45 34 173 45 34 174 22 46 175 44 32 176 22 46 177 23 47 178 44 32 179 44 32 180 23 47 181 34 21 182 23 47 183 24 19 184 34 21 185 49 48 186 50 49 187 82 50 188 82 50 189 50 49 190 84 51 191 82 50 192 84 51 193 81 52 194 81 52 195 84 51 196 85 53 197 81 52 198 85 53 199 80 54 200 80 54 201 85 53 202 86 55 203 80 54 204 86 55 205 79 56 206 79 56 207 86 55 208 87 57 209 79 56 210 87 57 211 78 58 212 78 58 213 87 57 214 88 59 215 78 58 216 88 59 217 77 60 218 77 60 219 88 59 220 89 61 221 77 60 222 89 61 223 76 62 224 76 62 225 89 61 226 90 63 227 76 62 228 90 63 229 75 16 230 75 16 231 90 63 232 74 64 233 74 64 234 90 63 235 91 65 236 74 64 237 91 65 238 73 66 239 73 66 240 91 65 241 92 67 242 73 66 243 92 67 244 83 68 245 83 68 246 92 67 247 60 69 248 83 68 249 60 69 250 61 70 251 50 49 252 51 71 253 84 51 254 84 51 255 51 71 256 52 72 257 84 51 258 52 72 259 85 53 260 85 53 261 52 72 262 53 73 263 85 53 264 53 73 265 86 55 266 86 55 267 53 73 268 54 74 269 86 55 270 54 74 271 87 57 272 87 57 273 54 74 274 55 75 275 87 57 276 55 75 277 88 59 278 88 59 279 55 75 280 56 76 281 88 59 282 56 76 283 89 61 284 89 61 285 56 76 286 57 77 287 89 61 288 57 77 289 90 63 290 90 63 291 57 77 292 58 16 293 90 63 294 58 16 295 59 78 296 90 63 297 59 78 298 91 65 299 91 65 300 59 78 301 60 69 302 91 65 303 60 69 304 92 67 305 83 68 306 61 70 307 93 79 308 93 79 309 61 70 310 62 80 311 93 79 312 62 80 313 94 81 314 94 81 315 62 80 316 63 82 317 94 81 318 63 82 319 95 83 320 95 83 321 63 82 322 64 84 323 95 83 324 64 84 325 96 85 326 96 85 327 64 84 328 65 86 329 96 85 330 65 86 331 97 87 332 97 87 333 65 86 334 66 88 335 97 87 336 66 88 337 67 89 338 67 89 339 68 90 340 97 87 341 97 87 342 68 90 343 96 85 344 68 90 345 69 91 346 96 85 347 96 85 348 69 91 349 95 83 350 69 91 351 70 92 352 95 83 353 95 83 354 70 92 355 94 81 356 70 92 357 71 93 358 94 81 359 94 81 360 71 93 361 93 79 362 71 93 363 72 94 364 93 79 365 93 79 366 72 94 367 83 68 368 72 94 369 73 66 370 83 68 371 98 95 372 99 96 373 136 97 374 136 97 375 99 96 376 100 98 377 136 97 378 100 98 379 135 99 380 135 99 381 100 98 382 101 100 383 135 99 384 101 100 385 134 101 386 134 101 387 101 100 388 102 102 389 134 101 390 102 102 391 133 103 392 133 103 393 102 102 394 103 104 395 133 103 396 103 104 397 132 105 398 132 105 399 103 104 400 104 106 401 132 105 402 104 106 403 131 107 404 131 107 405 104 106 406 105 108 407 131 107 408 105 108 409 130 109 410 130 109 411 105 108 412 107 110 413 130 109 414 107 110 415 108 111 416 105 108 417 106 112 418 107 110 419 130 109 420 108 111 421 137 113 422 137 113 423 108 111 424 109 114 425 137 113 426 109 114 427 144 115 428 144 115 429 109 114 430 110 116 431 144 115 432 110 116 433 151 117 434 151 117 435 110 116 436 111 118 437 151 117 438 111 118 439 158 119 440 158 119 441 111 118 442 112 120 443 158 119 444 112 120 445 165 121 446 165 121 447 112 120 448 113 122 449 165 121 450 113 122 451 172 123 452 172 123 453 113 122 454 114 124 455 172 123 456 114 124 457 115 125 458 172 123 459 115 125 460 179 126 461 179 126 462 115 125 463 116 127 464 179 126 465 116 127 466 199 128 467 199 128 468 116 127 469 186 129 470 199 128 471 186 129 472 187 130 473 187 130 474 186 129 475 201 131 476 187 130 477 201 131 478 202 132 479 202 132 480 201 131 481 209 133 482 202 132 483 209 133 484 210 134 485 210 134 486 209 133 487 217 135 488 210 134 489 217 135 490 218 136 491 218 136 492 217 135 493 225 137 494 218 136 495 225 137 496 226 138 497 226 138 498 225 137 499 233 139 500 226 138 501 233 139 502 234 140 503 234 140 504 233 139 505 129 141 506 234 140 507 129 141 508 98 95 509 116 127 510 117 142 511 186 129 512 186 129 513 117 142 514 200 143 515 186 129 516 200 143 517 201 131 518 201 131 519 200 143 520 208 144 521 201 131 522 208 144 523 209 133 524 209 133 525 208 144 526 216 145 527 209 133 528 216 145 529 217 135 530 217 135 531 216 145 532 224 146 533 217 135 534 224 146 535 225 137 536 225 137 537 224 146 538 232 147 539 225 137 540 232 147 541 233 139 542 233 139 543 232 147 544 128 148 545 233 139 546 128 148 547 129 141 548 117 142 549 118 149 550 200 143 551 200 143 552 118 149 553 207 150 554 200 143 555 207 150 556 208 144 557 208 144 558 207 150 559 215 151 560 208 144 561 215 151 562 216 145 563 216 145 564 215 151 565 223 152 566 216 145 567 223 152 568 224 146 569 224 146 570 223 152 571 231 153 572 224 146 573 231 153 574 232 147 575 232 147 576 231 153 577 127 154 578 232 147 579 127 154 580 128 148 581 118 149 582 119 155 583 207 150 584 207 150 585 119 155 586 214 156 587 207 150 588 214 156 589 215 151 590 215 151 591 214 156 592 222 157 593 215 151 594 222 157 595 223 152 596 223 152 597 222 157 598 230 158 599 223 152 600 230 158 601 231 153 602 231 153 603 230 158 604 126 159 605 231 153 606 126 159 607 127 154 608 119 155 609 120 160 610 214 156 611 214 156 612 120 160 613 221 161 614 214 156 615 221 161 616 222 157 617 222 157 618 221 161 619 229 162 620 222 157 621 229 162 622 230 158 623 230 158 624 229 162 625 125 163 626 230 158 627 125 163 628 126 159 629 120 160 630 121 164 631 221 161 632 221 161 633 121 164 634 228 165 635 221 161 636 228 165 637 229 162 638 229 162 639 228 165 640 124 166 641 229 162 642 124 166 643 125 163 644 121 164 645 122 167 646 228 165 647 228 165 648 122 167 649 123 168 650 228 165 651 123 168 652 124 166 653 234 140 654 98 95 655 227 169 656 227 169 657 98 95 658 220 170 659 220 170 660 98 95 661 213 171 662 213 171 663 98 95 664 206 172 665 206 172 666 98 95 667 192 173 668 192 173 669 98 95 670 193 174 671 193 174 672 98 95 673 185 175 674 185 175 675 98 95 676 178 176 677 178 176 678 98 95 679 171 177 680 171 177 681 98 95 682 164 178 683 164 178 684 98 95 685 157 179 686 157 179 687 98 95 688 150 180 689 150 180 690 98 95 691 143 181 692 143 181 693 98 95 694 136 97 695 131 107 696 130 109 697 138 182 698 138 182 699 130 109 700 137 113 701 138 182 702 137 113 703 145 183 704 145 183 705 137 113 706 144 115 707 145 183 708 144 115 709 152 184 710 152 184 711 144 115 712 151 117 713 152 184 714 151 117 715 159 185 716 159 185 717 151 117 718 158 119 719 159 185 720 158 119 721 166 186 722 166 186 723 158 119 724 165 121 725 166 186 726 165 121 727 173 187 728 173 187 729 165 121 730 172 123 731 173 187 732 172 123 733 180 188 734 180 188 735 172 123 736 179 126 737 180 188 738 179 126 739 198 189 740 198 189 741 179 126 742 199 128 743 198 189 744 199 128 745 187 130 746 132 105 747 131 107 748 139 190 749 139 190 750 131 107 751 138 182 752 139 190 753 138 182 754 146 191 755 146 191 756 138 182 757 145 183 758 146 191 759 145 183 760 153 192 761 153 192 762 145 183 763 152 184 764 153 192 765 152 184 766 160 193 767 160 193 768 152 184 769 159 185 770 160 193 771 159 185 772 167 194 773 167 194 774 159 185 775 166 186 776 167 194 777 166 186 778 174 195 779 174 195 780 166 186 781 173 187 782 174 195 783 173 187 784 181 196 785 181 196 786 173 187 787 180 188 788 181 196 789 180 188 790 197 197 791 197 197 792 180 188 793 198 189 794 197 197 795 198 189 796 188 198 797 188 198 798 198 189 799 187 130 800 188 198 801 187 130 802 202 132 803 133 103 804 132 105 805 140 199 806 140 199 807 132 105 808 139 190 809 140 199 810 139 190 811 147 200 812 147 200 813 139 190 814 146 191 815 147 200 816 146 191 817 154 201 818 154 201 819 146 191 820 153 192 821 154 201 822 153 192 823 161 202 824 161 202 825 153 192 826 160 193 827 161 202 828 160 193 829 168 203 830 168 203 831 160 193 832 167 194 833 168 203 834 167 194 835 175 204 836 175 204 837 167 194 838 174 195 839 175 204 840 174 195 841 182 205 842 182 205 843 174 195 844 181 196 845 182 205 846 181 196 847 196 206 848 196 206 849 181 196 850 197 197 851 196 206 852 197 197 853 189 207 854 189 207 855 197 197 856 188 198 857 189 207 858 188 198 859 203 208 860 203 208 861 188 198 862 202 132 863 203 208 864 202 132 865 210 134 866 134 101 867 133 103 868 141 209 869 141 209 870 133 103 871 140 199 872 141 209 873 140 199 874 148 210 875 148 210 876 140 199 877 147 200 878 148 210 879 147 200 880 155 211 881 155 211 882 147 200 883 154 201 884 155 211 885 154 201 886 162 212 887 162 212 888 154 201 889 161 202 890 162 212 891 161 202 892 169 213 893 169 213 894 161 202 895 168 203 896 169 213 897 168 203 898 176 214 899 176 214 900 168 203 901 175 204 902 176 214 903 175 204 904 183 215 905 183 215 906 175 204 907 182 205 908 183 215 909 182 205 910 195 216 911 195 216 912 182 205 913 196 206 914 195 216 915 196 206 916 190 217 917 190 217 918 196 206 919 189 207 920 190 217 921 189 207 922 204 218 923 204 218 924 189 207 925 203 208 926 204 218 927 203 208 928 211 219 929 211 219 930 203 208 931 210 134 932 211 219 933 210 134 934 218 136 935 143 181 936 136 97 937 135 99 938 135 99 939 134 101 940 142 220 941 142 220 942 134 101 943 141 209 944 142 220 945 141 209 946 149 221 947 149 221 948 141 209 949 148 210 950 149 221 951 148 210 952 156 222 953 156 222 954 148 210 955 155 211 956 156 222 957 155 211 958 163 223 959 163 223 960 155 211 961 162 212 962 163 223 963 162 212 964 170 224 965 170 224 966 162 212 967 169 213 968 170 224 969 169 213 970 177 225 971 177 225 972 169 213 973 176 214 974 177 225 975 176 214 976 184 226 977 184 226 978 176 214 979 183 215 980 184 226 981 183 215 982 194 227 983 194 227 984 183 215 985 195 216 986 194 227 987 195 216 988 191 228 989 191 228 990 195 216 991 190 217 992 191 228 993 190 217 994 205 229 995 205 229 996 190 217 997 204 218 998 205 229 999 204 218 1000 212 230 1001 212 230 1002 204 218 1003 211 219 1004 212 230 1005 211 219 1006 219 231 1007 219 231 1008 211 219 1009 218 136 1010 219 231 1011 218 136 1012 226 138 1013 150 180 1014 143 181 1015 142 220 1016 142 220 1017 143 181 1018 135 99 1019 150 180 1020 142 220 1021 149 221 1022 157 179 1023 150 180 1024 149 221 1025 157 179 1026 149 221 1027 156 222 1028 164 178 1029 157 179 1030 156 222 1031 164 178 1032 156 222 1033 163 223 1034 171 177 1035 164 178 1036 163 223 1037 171 177 1038 163 223 1039 170 224 1040 178 176 1041 171 177 1042 170 224 1043 178 176 1044 170 224 1045 177 225 1046 185 175 1047 178 176 1048 177 225 1049 185 175 1050 177 225 1051 184 226 1052 193 174 1053 185 175 1054 184 226 1055 193 174 1056 184 226 1057 194 227 1058 193 174 1059 194 227 1060 192 173 1061 192 173 1062 194 227 1063 191 228 1064 192 173 1065 191 228 1066 206 172 1067 206 172 1068 191 228 1069 205 229 1070 206 172 1071 205 229 1072 213 171 1073 213 171 1074 205 229 1075 212 230 1076 213 171 1077 212 230 1078 220 170 1079 220 170 1080 212 230 1081 219 231 1082 220 170 1083 219 231 1084 227 169 1085 227 169 1086 219 231 1087 226 138 1088 227 169 1089 226 138 1090 234 140 1091 235 232 1092 236 233 1093 273 234 1094 273 234 1095 236 233 1096 237 235 1097 273 234 1098 237 235 1099 272 236 1100 272 236 1101 237 235 1102 238 237 1103 272 236 1104 238 237 1105 271 238 1106 271 238 1107 238 237 1108 239 239 1109 271 238 1110 239 239 1111 270 240 1112 270 240 1113 239 239 1114 240 241 1115 270 240 1116 240 241 1117 269 242 1118 269 242 1119 240 241 1120 241 243 1121 269 242 1122 241 243 1123 268 244 1124 268 244 1125 241 243 1126 242 245 1127 268 244 1128 242 245 1129 267 246 1130 267 246 1131 242 245 1132 244 247 1133 267 246 1134 244 247 1135 245 248 1136 242 245 1137 243 249 1138 244 247 1139 267 246 1140 245 248 1141 274 250 1142 274 250 1143 245 248 1144 246 251 1145 274 250 1146 246 251 1147 281 252 1148 281 252 1149 246 251 1150 247 253 1151 281 252 1152 247 253 1153 288 254 1154 288 254 1155 247 253 1156 248 255 1157 288 254 1158 248 255 1159 295 256 1160 295 256 1161 248 255 1162 249 257 1163 295 256 1164 249 257 1165 302 258 1166 302 258 1167 249 257 1168 250 259 1169 302 258 1170 250 259 1171 309 260 1172 309 260 1173 250 259 1174 251 261 1175 309 260 1176 251 261 1177 252 262 1178 309 260 1179 252 262 1180 316 263 1181 316 263 1182 252 262 1183 253 264 1184 316 263 1185 253 264 1186 336 265 1187 336 265 1188 253 264 1189 323 266 1190 336 265 1191 323 266 1192 324 267 1193 324 267 1194 323 266 1195 338 268 1196 324 267 1197 338 268 1198 339 269 1199 339 269 1200 338 268 1201 346 270 1202 339 269 1203 346 270 1204 347 271 1205 347 271 1206 346 270 1207 354 272 1208 347 271 1209 354 272 1210 355 273 1211 355 273 1212 354 272 1213 362 274 1214 355 273 1215 362 274 1216 363 275 1217 363 275 1218 362 274 1219 370 276 1220 363 275 1221 370 276 1222 371 277 1223 371 277 1224 370 276 1225 266 278 1226 371 277 1227 266 278 1228 235 232 1229 253 264 1230 254 279 1231 323 266 1232 323 266 1233 254 279 1234 337 280 1235 323 266 1236 337 280 1237 338 268 1238 338 268 1239 337 280 1240 345 281 1241 338 268 1242 345 281 1243 346 270 1244 346 270 1245 345 281 1246 353 282 1247 346 270 1248 353 282 1249 354 272 1250 354 272 1251 353 282 1252 361 283 1253 354 272 1254 361 283 1255 362 274 1256 362 274 1257 361 283 1258 369 284 1259 362 274 1260 369 284 1261 370 276 1262 370 276 1263 369 284 1264 265 285 1265 370 276 1266 265 285 1267 266 278 1268 254 279 1269 255 286 1270 337 280 1271 337 280 1272 255 286 1273 344 287 1274 337 280 1275 344 287 1276 345 281 1277 345 281 1278 344 287 1279 352 288 1280 345 281 1281 352 288 1282 353 282 1283 353 282 1284 352 288 1285 360 289 1286 353 282 1287 360 289 1288 361 283 1289 361 283 1290 360 289 1291 368 290 1292 361 283 1293 368 290 1294 369 284 1295 369 284 1296 368 290 1297 264 291 1298 369 284 1299 264 291 1300 265 285 1301 255 286 1302 256 292 1303 344 287 1304 344 287 1305 256 292 1306 351 293 1307 344 287 1308 351 293 1309 352 288 1310 352 288 1311 351 293 1312 359 294 1313 352 288 1314 359 294 1315 360 289 1316 360 289 1317 359 294 1318 367 295 1319 360 289 1320 367 295 1321 368 290 1322 368 290 1323 367 295 1324 263 296 1325 368 290 1326 263 296 1327 264 291 1328 256 292 1329 257 297 1330 351 293 1331 351 293 1332 257 297 1333 358 298 1334 351 293 1335 358 298 1336 359 294 1337 359 294 1338 358 298 1339 366 299 1340 359 294 1341 366 299 1342 367 295 1343 367 295 1344 366 299 1345 262 300 1346 367 295 1347 262 300 1348 263 296 1349 257 297 1350 258 301 1351 358 298 1352 358 298 1353 258 301 1354 365 302 1355 358 298 1356 365 302 1357 366 299 1358 366 299 1359 365 302 1360 261 303 1361 366 299 1362 261 303 1363 262 300 1364 258 301 1365 259 304 1366 365 302 1367 365 302 1368 259 304 1369 260 305 1370 365 302 1371 260 305 1372 261 303 1373 371 277 1374 235 232 1375 364 306 1376 364 306 1377 235 232 1378 357 307 1379 357 307 1380 235 232 1381 350 308 1382 350 308 1383 235 232 1384 343 309 1385 343 309 1386 235 232 1387 329 310 1388 329 310 1389 235 232 1390 330 311 1391 330 311 1392 235 232 1393 322 312 1394 322 312 1395 235 232 1396 315 313 1397 315 313 1398 235 232 1399 308 314 1400 308 314 1401 235 232 1402 301 315 1403 301 315 1404 235 232 1405 294 316 1406 294 316 1407 235 232 1408 287 317 1409 287 317 1410 235 232 1411 280 318 1412 280 318 1413 235 232 1414 273 234 1415 268 244 1416 267 246 1417 275 319 1418 275 319 1419 267 246 1420 274 250 1421 275 319 1422 274 250 1423 282 320 1424 282 320 1425 274 250 1426 281 252 1427 282 320 1428 281 252 1429 289 321 1430 289 321 1431 281 252 1432 288 254 1433 289 321 1434 288 254 1435 296 322 1436 296 322 1437 288 254 1438 295 256 1439 296 322 1440 295 256 1441 303 323 1442 303 323 1443 295 256 1444 302 258 1445 303 323 1446 302 258 1447 310 324 1448 310 324 1449 302 258 1450 309 260 1451 310 324 1452 309 260 1453 317 325 1454 317 325 1455 309 260 1456 316 263 1457 317 325 1458 316 263 1459 335 326 1460 335 326 1461 316 263 1462 336 265 1463 335 326 1464 336 265 1465 324 267 1466 269 242 1467 268 244 1468 276 327 1469 276 327 1470 268 244 1471 275 319 1472 276 327 1473 275 319 1474 283 328 1475 283 328 1476 275 319 1477 282 320 1478 283 328 1479 282 320 1480 290 329 1481 290 329 1482 282 320 1483 289 321 1484 290 329 1485 289 321 1486 297 330 1487 297 330 1488 289 321 1489 296 322 1490 297 330 1491 296 322 1492 304 331 1493 304 331 1494 296 322 1495 303 323 1496 304 331 1497 303 323 1498 311 332 1499 311 332 1500 303 323 1501 310 324 1502 311 332 1503 310 324 1504 318 333 1505 318 333 1506 310 324 1507 317 325 1508 318 333 1509 317 325 1510 334 334 1511 334 334 1512 317 325 1513 335 326 1514 334 334 1515 335 326 1516 325 335 1517 325 335 1518 335 326 1519 324 267 1520 325 335 1521 324 267 1522 339 269 1523 270 240 1524 269 242 1525 277 336 1526 277 336 1527 269 242 1528 276 327 1529 277 336 1530 276 327 1531 284 337 1532 284 337 1533 276 327 1534 283 328 1535 284 337 1536 283 328 1537 291 338 1538 291 338 1539 283 328 1540 290 329 1541 291 338 1542 290 329 1543 298 339 1544 298 339 1545 290 329 1546 297 330 1547 298 339 1548 297 330 1549 305 340 1550 305 340 1551 297 330 1552 304 331 1553 305 340 1554 304 331 1555 312 341 1556 312 341 1557 304 331 1558 311 332 1559 312 341 1560 311 332 1561 319 342 1562 319 342 1563 311 332 1564 318 333 1565 319 342 1566 318 333 1567 333 343 1568 333 343 1569 318 333 1570 334 334 1571 333 343 1572 334 334 1573 326 344 1574 326 344 1575 334 334 1576 325 335 1577 326 344 1578 325 335 1579 340 345 1580 340 345 1581 325 335 1582 339 269 1583 340 345 1584 339 269 1585 347 271 1586 271 238 1587 270 240 1588 278 346 1589 278 346 1590 270 240 1591 277 336 1592 278 346 1593 277 336 1594 285 347 1595 285 347 1596 277 336 1597 284 337 1598 285 347 1599 284 337 1600 292 348 1601 292 348 1602 284 337 1603 291 338 1604 292 348 1605 291 338 1606 299 349 1607 299 349 1608 291 338 1609 298 339 1610 299 349 1611 298 339 1612 306 350 1613 306 350 1614 298 339 1615 305 340 1616 306 350 1617 305 340 1618 313 351 1619 313 351 1620 305 340 1621 312 341 1622 313 351 1623 312 341 1624 320 352 1625 320 352 1626 312 341 1627 319 342 1628 320 352 1629 319 342 1630 332 353 1631 332 353 1632 319 342 1633 333 343 1634 332 353 1635 333 343 1636 327 354 1637 327 354 1638 333 343 1639 326 344 1640 327 354 1641 326 344 1642 341 355 1643 341 355 1644 326 344 1645 340 345 1646 341 355 1647 340 345 1648 348 356 1649 348 356 1650 340 345 1651 347 271 1652 348 356 1653 347 271 1654 355 273 1655 280 318 1656 273 234 1657 272 236 1658 272 236 1659 271 238 1660 279 357 1661 279 357 1662 271 238 1663 278 346 1664 279 357 1665 278 346 1666 286 358 1667 286 358 1668 278 346 1669 285 347 1670 286 358 1671 285 347 1672 293 359 1673 293 359 1674 285 347 1675 292 348 1676 293 359 1677 292 348 1678 300 360 1679 300 360 1680 292 348 1681 299 349 1682 300 360 1683 299 349 1684 307 361 1685 307 361 1686 299 349 1687 306 350 1688 307 361 1689 306 350 1690 314 362 1691 314 362 1692 306 350 1693 313 351 1694 314 362 1695 313 351 1696 321 363 1697 321 363 1698 313 351 1699 320 352 1700 321 363 1701 320 352 1702 331 364 1703 331 364 1704 320 352 1705 332 353 1706 331 364 1707 332 353 1708 328 365 1709 328 365 1710 332 353 1711 327 354 1712 328 365 1713 327 354 1714 342 366 1715 342 366 1716 327 354 1717 341 355 1718 342 366 1719 341 355 1720 349 367 1721 349 367 1722 341 355 1723 348 356 1724 349 367 1725 348 356 1726 356 368 1727 356 368 1728 348 356 1729 355 273 1730 356 368 1731 355 273 1732 363 275 1733 287 317 1734 280 318 1735 279 357 1736 279 357 1737 280 318 1738 272 236 1739 287 317 1740 279 357 1741 286 358 1742 294 316 1743 287 317 1744 286 358 1745 294 316 1746 286 358 1747 293 359 1748 301 315 1749 294 316 1750 293 359 1751 301 315 1752 293 359 1753 300 360 1754 308 314 1755 301 315 1756 300 360 1757 308 314 1758 300 360 1759 307 361 1760 315 313 1761 308 314 1762 307 361 1763 315 313 1764 307 361 1765 314 362 1766 322 312 1767 315 313 1768 314 362 1769 322 312 1770 314 362 1771 321 363 1772 330 311 1773 322 312 1774 321 363 1775 330 311 1776 321 363 1777 331 364 1778 330 311 1779 331 364 1780 329 310 1781 329 310 1782 331 364 1783 328 365 1784 329 310 1785 328 365 1786 343 309 1787 343 309 1788 328 365 1789 342 366 1790 343 309 1791 342 366 1792 350 308 1793 350 308 1794 342 366 1795 349 367 1796 350 308 1797 349 367 1798 357 307 1799 357 307 1800 349 367 1801 356 368 1802 357 307 1803 356 368 1804 364 306 1805 364 306 1806 356 368 1807 363 275 1808 364 306 1809 363 275 1810 371 277 1811 386 369 1812 243 249 1813 393 370 1814 393 370 1815 243 249 1816 242 245 1817 393 370 1818 242 245 1819 241 243 1820 393 370 1821 241 243 1822 392 371 1823 392 371 1824 241 243 1825 240 241 1826 392 371 1827 240 241 1828 391 372 1829 391 372 1830 240 241 1831 239 239 1832 391 372 1833 239 239 1834 390 373 1835 390 373 1836 239 239 1837 238 237 1838 390 373 1839 238 237 1840 389 374 1841 389 374 1842 238 237 1843 237 235 1844 389 374 1845 237 235 1846 388 375 1847 388 375 1848 237 235 1849 236 233 1850 388 375 1851 236 233 1852 387 376 1853 387 376 1854 236 233 1855 235 232 1856 235 232 1857 266 278 1858 400 377 1859 400 377 1860 266 278 1861 265 285 1862 400 377 1863 265 285 1864 399 378 1865 399 378 1866 265 285 1867 264 291 1868 399 378 1869 264 291 1870 398 379 1871 398 379 1872 264 291 1873 263 296 1874 398 379 1875 263 296 1876 397 380 1877 397 380 1878 263 296 1879 262 300 1880 397 380 1881 262 300 1882 396 381 1883 396 381 1884 262 300 1885 261 303 1886 396 381 1887 261 303 1888 395 382 1889 395 382 1890 261 303 1891 260 305 1892 395 382 1893 260 305 1894 394 383 1895 394 383 1896 260 305 1897 372 384 1898 394 383 1899 372 384 1900 373 385 1901 260 305 1902 259 304 1903 372 384 1904 394 383 1905 373 385 1906 401 386 1907 401 386 1908 373 385 1909 374 387 1910 401 386 1911 374 387 1912 408 388 1913 408 388 1914 374 387 1915 375 389 1916 408 388 1917 375 389 1918 415 390 1919 415 390 1920 375 389 1921 376 391 1922 415 390 1923 376 391 1924 422 392 1925 422 392 1926 376 391 1927 377 393 1928 422 392 1929 377 393 1930 429 394 1931 429 394 1932 377 393 1933 378 395 1934 429 394 1935 378 395 1936 436 396 1937 436 396 1938 378 395 1939 379 397 1940 436 396 1941 379 397 1942 380 398 1943 436 396 1944 380 398 1945 443 399 1946 443 399 1947 380 398 1948 381 400 1949 443 399 1950 381 400 1951 463 401 1952 463 401 1953 381 400 1954 450 402 1955 463 401 1956 450 402 1957 451 403 1958 451 403 1959 450 402 1960 465 404 1961 451 403 1962 465 404 1963 466 405 1964 466 405 1965 465 404 1966 473 406 1967 466 405 1968 473 406 1969 474 407 1970 474 407 1971 473 406 1972 481 408 1973 474 407 1974 481 408 1975 482 409 1976 482 409 1977 481 408 1978 489 410 1979 482 409 1980 489 410 1981 490 411 1982 490 411 1983 489 410 1984 388 375 1985 490 411 1986 388 375 1987 387 376 1988 381 400 1989 382 412 1990 450 402 1991 450 402 1992 382 412 1993 464 413 1994 450 402 1995 464 413 1996 465 404 1997 465 404 1998 464 413 1999 472 414 2000 465 404 2001 472 414 2002 473 406 2003 473 406 2004 472 414 2005 480 415 2006 473 406 2007 480 415 2008 481 408 2009 481 408 2010 480 415 2011 488 416 2012 481 408 2013 488 416 2014 489 410 2015 489 410 2016 488 416 2017 389 374 2018 489 410 2019 389 374 2020 388 375 2021 382 412 2022 383 417 2023 464 413 2024 464 413 2025 383 417 2026 471 418 2027 464 413 2028 471 418 2029 472 414 2030 472 414 2031 471 418 2032 479 419 2033 472 414 2034 479 419 2035 480 415 2036 480 415 2037 479 419 2038 487 420 2039 480 415 2040 487 420 2041 488 416 2042 488 416 2043 487 420 2044 390 373 2045 488 416 2046 390 373 2047 389 374 2048 383 417 2049 384 421 2050 471 418 2051 471 418 2052 384 421 2053 478 422 2054 471 418 2055 478 422 2056 479 419 2057 479 419 2058 478 422 2059 486 423 2060 479 419 2061 486 423 2062 487 420 2063 487 420 2064 486 423 2065 391 372 2066 487 420 2067 391 372 2068 390 373 2069 384 421 2070 385 424 2071 478 422 2072 478 422 2073 385 424 2074 485 425 2075 478 422 2076 485 425 2077 486 423 2078 486 423 2079 485 425 2080 392 371 2081 486 423 2082 392 371 2083 391 372 2084 385 424 2085 386 369 2086 485 425 2087 485 425 2088 386 369 2089 393 370 2090 485 425 2091 393 370 2092 392 371 2093 387 376 2094 235 232 2095 491 426 2096 491 426 2097 235 232 2098 484 427 2099 484 427 2100 235 232 2101 477 428 2102 477 428 2103 235 232 2104 470 429 2105 470 429 2106 235 232 2107 456 430 2108 456 430 2109 235 232 2110 457 431 2111 457 431 2112 235 232 2113 449 432 2114 449 432 2115 235 232 2116 442 433 2117 442 433 2118 235 232 2119 435 434 2120 435 434 2121 235 232 2122 428 435 2123 428 435 2124 235 232 2125 421 436 2126 421 436 2127 235 232 2128 414 437 2129 414 437 2130 235 232 2131 407 438 2132 407 438 2133 235 232 2134 400 377 2135 490 411 2136 387 376 2137 491 426 2138 395 382 2139 394 383 2140 402 439 2141 402 439 2142 394 383 2143 401 386 2144 402 439 2145 401 386 2146 409 440 2147 409 440 2148 401 386 2149 408 388 2150 409 440 2151 408 388 2152 416 441 2153 416 441 2154 408 388 2155 415 390 2156 416 441 2157 415 390 2158 423 442 2159 423 442 2160 415 390 2161 422 392 2162 423 442 2163 422 392 2164 430 443 2165 430 443 2166 422 392 2167 429 394 2168 430 443 2169 429 394 2170 437 444 2171 437 444 2172 429 394 2173 436 396 2174 437 444 2175 436 396 2176 444 445 2177 444 445 2178 436 396 2179 443 399 2180 444 445 2181 443 399 2182 462 446 2183 462 446 2184 443 399 2185 463 401 2186 462 446 2187 463 401 2188 451 403 2189 396 381 2190 395 382 2191 403 447 2192 403 447 2193 395 382 2194 402 439 2195 403 447 2196 402 439 2197 410 448 2198 410 448 2199 402 439 2200 409 440 2201 410 448 2202 409 440 2203 417 449 2204 417 449 2205 409 440 2206 416 441 2207 417 449 2208 416 441 2209 424 450 2210 424 450 2211 416 441 2212 423 442 2213 424 450 2214 423 442 2215 431 451 2216 431 451 2217 423 442 2218 430 443 2219 431 451 2220 430 443 2221 438 452 2222 438 452 2223 430 443 2224 437 444 2225 438 452 2226 437 444 2227 445 453 2228 445 453 2229 437 444 2230 444 445 2231 445 453 2232 444 445 2233 461 454 2234 461 454 2235 444 445 2236 462 446 2237 461 454 2238 462 446 2239 452 455 2240 452 455 2241 462 446 2242 451 403 2243 452 455 2244 451 403 2245 466 405 2246 397 380 2247 396 381 2248 404 456 2249 404 456 2250 396 381 2251 403 447 2252 404 456 2253 403 447 2254 411 457 2255 411 457 2256 403 447 2257 410 448 2258 411 457 2259 410 448 2260 418 458 2261 418 458 2262 410 448 2263 417 449 2264 418 458 2265 417 449 2266 425 459 2267 425 459 2268 417 449 2269 424 450 2270 425 459 2271 424 450 2272 432 460 2273 432 460 2274 424 450 2275 431 451 2276 432 460 2277 431 451 2278 439 461 2279 439 461 2280 431 451 2281 438 452 2282 439 461 2283 438 452 2284 446 462 2285 446 462 2286 438 452 2287 445 453 2288 446 462 2289 445 453 2290 460 463 2291 460 463 2292 445 453 2293 461 454 2294 460 463 2295 461 454 2296 453 464 2297 453 464 2298 461 454 2299 452 455 2300 453 464 2301 452 455 2302 467 465 2303 467 465 2304 452 455 2305 466 405 2306 467 465 2307 466 405 2308 474 407 2309 398 379 2310 397 380 2311 405 466 2312 405 466 2313 397 380 2314 404 456 2315 405 466 2316 404 456 2317 412 467 2318 412 467 2319 404 456 2320 411 457 2321 412 467 2322 411 457 2323 419 468 2324 419 468 2325 411 457 2326 418 458 2327 419 468 2328 418 458 2329 426 469 2330 426 469 2331 418 458 2332 425 459 2333 426 469 2334 425 459 2335 433 470 2336 433 470 2337 425 459 2338 432 460 2339 433 470 2340 432 460 2341 440 471 2342 440 471 2343 432 460 2344 439 461 2345 440 471 2346 439 461 2347 447 472 2348 447 472 2349 439 461 2350 446 462 2351 447 472 2352 446 462 2353 459 473 2354 459 473 2355 446 462 2356 460 463 2357 459 473 2358 460 463 2359 454 474 2360 454 474 2361 460 463 2362 453 464 2363 454 474 2364 453 464 2365 468 475 2366 468 475 2367 453 464 2368 467 465 2369 468 475 2370 467 465 2371 475 476 2372 475 476 2373 467 465 2374 474 407 2375 475 476 2376 474 407 2377 482 409 2378 407 438 2379 400 377 2380 399 378 2381 399 378 2382 398 379 2383 406 477 2384 406 477 2385 398 379 2386 405 466 2387 406 477 2388 405 466 2389 413 478 2390 413 478 2391 405 466 2392 412 467 2393 413 478 2394 412 467 2395 420 479 2396 420 479 2397 412 467 2398 419 468 2399 420 479 2400 419 468 2401 427 480 2402 427 480 2403 419 468 2404 426 469 2405 427 480 2406 426 469 2407 434 481 2408 434 481 2409 426 469 2410 433 470 2411 434 481 2412 433 470 2413 441 482 2414 441 482 2415 433 470 2416 440 471 2417 441 482 2418 440 471 2419 448 483 2420 448 483 2421 440 471 2422 447 472 2423 448 483 2424 447 472 2425 458 484 2426 458 484 2427 447 472 2428 459 473 2429 458 484 2430 459 473 2431 455 485 2432 455 485 2433 459 473 2434 454 474 2435 455 485 2436 454 474 2437 469 486 2438 469 486 2439 454 474 2440 468 475 2441 469 486 2442 468 475 2443 476 487 2444 476 487 2445 468 475 2446 475 476 2447 476 487 2448 475 476 2449 483 488 2450 483 488 2451 475 476 2452 482 409 2453 483 488 2454 482 409 2455 490 411 2456 414 437 2457 407 438 2458 406 477 2459 406 477 2460 407 438 2461 399 378 2462 414 437 2463 406 477 2464 413 478 2465 421 436 2466 414 437 2467 413 478 2468 421 436 2469 413 478 2470 420 479 2471 428 435 2472 421 436 2473 420 479 2474 428 435 2475 420 479 2476 427 480 2477 435 434 2478 428 435 2479 427 480 2480 435 434 2481 427 480 2482 434 481 2483 442 433 2484 435 434 2485 434 481 2486 442 433 2487 434 481 2488 441 482 2489 449 432 2490 442 433 2491 441 482 2492 449 432 2493 441 482 2494 448 483 2495 457 431 2496 449 432 2497 448 483 2498 457 431 2499 448 483 2500 458 484 2501 457 431 2502 458 484 2503 456 430 2504 456 430 2505 458 484 2506 455 485 2507 456 430 2508 455 485 2509 470 429 2510 470 429 2511 455 485 2512 469 486 2513 470 429 2514 469 486 2515 477 428 2516 477 428 2517 469 486 2518 476 487 2519 477 428 2520 476 487 2521 484 427 2522 484 427 2523 476 487 2524 483 488 2525 484 427 2526 483 488 2527 491 426 2528 491 426 2529 483 488 2530 490 411 2531 506 489 2532 106 112 2533 513 490 2534 513 490 2535 106 112 2536 105 108 2537 513 490 2538 105 108 2539 104 106 2540 513 490 2541 104 106 2542 512 491 2543 512 491 2544 104 106 2545 103 104 2546 512 491 2547 103 104 2548 511 492 2549 511 492 2550 103 104 2551 102 102 2552 511 492 2553 102 102 2554 510 493 2555 510 493 2556 102 102 2557 101 100 2558 510 493 2559 101 100 2560 509 494 2561 509 494 2562 101 100 2563 100 98 2564 509 494 2565 100 98 2566 508 495 2567 508 495 2568 100 98 2569 99 96 2570 508 495 2571 99 96 2572 507 496 2573 507 496 2574 99 96 2575 98 95 2576 98 95 2577 129 141 2578 520 497 2579 520 497 2580 129 141 2581 128 148 2582 520 497 2583 128 148 2584 519 498 2585 519 498 2586 128 148 2587 127 154 2588 519 498 2589 127 154 2590 518 499 2591 518 499 2592 127 154 2593 126 159 2594 518 499 2595 126 159 2596 517 500 2597 517 500 2598 126 159 2599 125 163 2600 517 500 2601 125 163 2602 516 501 2603 516 501 2604 125 163 2605 124 166 2606 516 501 2607 124 166 2608 515 502 2609 515 502 2610 124 166 2611 123 168 2612 515 502 2613 123 168 2614 514 503 2615 514 503 2616 123 168 2617 492 504 2618 514 503 2619 492 504 2620 493 505 2621 123 168 2622 122 167 2623 492 504 2624 514 503 2625 493 505 2626 521 506 2627 521 506 2628 493 505 2629 494 507 2630 521 506 2631 494 507 2632 528 508 2633 528 508 2634 494 507 2635 495 509 2636 528 508 2637 495 509 2638 535 510 2639 535 510 2640 495 509 2641 496 511 2642 535 510 2643 496 511 2644 542 512 2645 542 512 2646 496 511 2647 497 513 2648 542 512 2649 497 513 2650 549 514 2651 549 514 2652 497 513 2653 498 515 2654 549 514 2655 498 515 2656 556 516 2657 556 516 2658 498 515 2659 499 517 2660 556 516 2661 499 517 2662 500 518 2663 556 516 2664 500 518 2665 563 519 2666 563 519 2667 500 518 2668 501 520 2669 563 519 2670 501 520 2671 583 521 2672 583 521 2673 501 520 2674 570 522 2675 583 521 2676 570 522 2677 571 523 2678 571 523 2679 570 522 2680 585 524 2681 571 523 2682 585 524 2683 586 525 2684 586 525 2685 585 524 2686 593 526 2687 586 525 2688 593 526 2689 594 527 2690 594 527 2691 593 526 2692 601 528 2693 594 527 2694 601 528 2695 602 529 2696 602 529 2697 601 528 2698 609 530 2699 602 529 2700 609 530 2701 610 531 2702 610 531 2703 609 530 2704 508 495 2705 610 531 2706 508 495 2707 507 496 2708 501 520 2709 502 532 2710 570 522 2711 570 522 2712 502 532 2713 584 533 2714 570 522 2715 584 533 2716 585 524 2717 585 524 2718 584 533 2719 592 534 2720 585 524 2721 592 534 2722 593 526 2723 593 526 2724 592 534 2725 600 535 2726 593 526 2727 600 535 2728 601 528 2729 601 528 2730 600 535 2731 608 536 2732 601 528 2733 608 536 2734 609 530 2735 609 530 2736 608 536 2737 509 494 2738 609 530 2739 509 494 2740 508 495 2741 502 532 2742 503 537 2743 584 533 2744 584 533 2745 503 537 2746 591 538 2747 584 533 2748 591 538 2749 592 534 2750 592 534 2751 591 538 2752 599 539 2753 592 534 2754 599 539 2755 600 535 2756 600 535 2757 599 539 2758 607 540 2759 600 535 2760 607 540 2761 608 536 2762 608 536 2763 607 540 2764 510 493 2765 608 536 2766 510 493 2767 509 494 2768 503 537 2769 504 541 2770 591 538 2771 591 538 2772 504 541 2773 598 542 2774 591 538 2775 598 542 2776 599 539 2777 599 539 2778 598 542 2779 606 543 2780 599 539 2781 606 543 2782 607 540 2783 607 540 2784 606 543 2785 511 492 2786 607 540 2787 511 492 2788 510 493 2789 504 541 2790 505 544 2791 598 542 2792 598 542 2793 505 544 2794 605 545 2795 598 542 2796 605 545 2797 606 543 2798 606 543 2799 605 545 2800 512 491 2801 606 543 2802 512 491 2803 511 492 2804 505 544 2805 506 489 2806 605 545 2807 605 545 2808 506 489 2809 513 490 2810 605 545 2811 513 490 2812 512 491 2813 507 496 2814 98 95 2815 611 546 2816 611 546 2817 98 95 2818 604 547 2819 604 547 2820 98 95 2821 597 548 2822 597 548 2823 98 95 2824 590 549 2825 590 549 2826 98 95 2827 576 550 2828 576 550 2829 98 95 2830 577 551 2831 577 551 2832 98 95 2833 569 552 2834 569 552 2835 98 95 2836 562 553 2837 562 553 2838 98 95 2839 555 554 2840 555 554 2841 98 95 2842 548 555 2843 548 555 2844 98 95 2845 541 556 2846 541 556 2847 98 95 2848 534 557 2849 534 557 2850 98 95 2851 527 558 2852 527 558 2853 98 95 2854 520 497 2855 610 531 2856 507 496 2857 611 546 2858 515 502 2859 514 503 2860 522 559 2861 522 559 2862 514 503 2863 521 506 2864 522 559 2865 521 506 2866 529 560 2867 529 560 2868 521 506 2869 528 508 2870 529 560 2871 528 508 2872 536 561 2873 536 561 2874 528 508 2875 535 510 2876 536 561 2877 535 510 2878 543 562 2879 543 562 2880 535 510 2881 542 512 2882 543 562 2883 542 512 2884 550 563 2885 550 563 2886 542 512 2887 549 514 2888 550 563 2889 549 514 2890 557 564 2891 557 564 2892 549 514 2893 556 516 2894 557 564 2895 556 516 2896 564 565 2897 564 565 2898 556 516 2899 563 519 2900 564 565 2901 563 519 2902 582 566 2903 582 566 2904 563 519 2905 583 521 2906 582 566 2907 583 521 2908 571 523 2909 516 501 2910 515 502 2911 523 567 2912 523 567 2913 515 502 2914 522 559 2915 523 567 2916 522 559 2917 530 568 2918 530 568 2919 522 559 2920 529 560 2921 530 568 2922 529 560 2923 537 569 2924 537 569 2925 529 560 2926 536 561 2927 537 569 2928 536 561 2929 544 570 2930 544 570 2931 536 561 2932 543 562 2933 544 570 2934 543 562 2935 551 571 2936 551 571 2937 543 562 2938 550 563 2939 551 571 2940 550 563 2941 558 572 2942 558 572 2943 550 563 2944 557 564 2945 558 572 2946 557 564 2947 565 573 2948 565 573 2949 557 564 2950 564 565 2951 565 573 2952 564 565 2953 581 574 2954 581 574 2955 564 565 2956 582 566 2957 581 574 2958 582 566 2959 572 575 2960 572 575 2961 582 566 2962 571 523 2963 572 575 2964 571 523 2965 586 525 2966 517 500 2967 516 501 2968 524 576 2969 524 576 2970 516 501 2971 523 567 2972 524 576 2973 523 567 2974 531 577 2975 531 577 2976 523 567 2977 530 568 2978 531 577 2979 530 568 2980 538 578 2981 538 578 2982 530 568 2983 537 569 2984 538 578 2985 537 569 2986 545 579 2987 545 579 2988 537 569 2989 544 570 2990 545 579 2991 544 570 2992 552 580 2993 552 580 2994 544 570 2995 551 571 2996 552 580 2997 551 571 2998 559 581 2999 559 581 3000 551 571 3001 558 572 3002 559 581 3003 558 572 3004 566 582 3005 566 582 3006 558 572 3007 565 573 3008 566 582 3009 565 573 3010 580 583 3011 580 583 3012 565 573 3013 581 574 3014 580 583 3015 581 574 3016 573 584 3017 573 584 3018 581 574 3019 572 575 3020 573 584 3021 572 575 3022 587 585 3023 587 585 3024 572 575 3025 586 525 3026 587 585 3027 586 525 3028 594 527 3029 518 499 3030 517 500 3031 525 586 3032 525 586 3033 517 500 3034 524 576 3035 525 586 3036 524 576 3037 532 587 3038 532 587 3039 524 576 3040 531 577 3041 532 587 3042 531 577 3043 539 588 3044 539 588 3045 531 577 3046 538 578 3047 539 588 3048 538 578 3049 546 589 3050 546 589 3051 538 578 3052 545 579 3053 546 589 3054 545 579 3055 553 590 3056 553 590 3057 545 579 3058 552 580 3059 553 590 3060 552 580 3061 560 591 3062 560 591 3063 552 580 3064 559 581 3065 560 591 3066 559 581 3067 567 592 3068 567 592 3069 559 581 3070 566 582 3071 567 592 3072 566 582 3073 579 593 3074 579 593 3075 566 582 3076 580 583 3077 579 593 3078 580 583 3079 574 594 3080 574 594 3081 580 583 3082 573 584 3083 574 594 3084 573 584 3085 588 595 3086 588 595 3087 573 584 3088 587 585 3089 588 595 3090 587 585 3091 595 596 3092 595 596 3093 587 585 3094 594 527 3095 595 596 3096 594 527 3097 602 529 3098 527 558 3099 520 497 3100 519 498 3101 519 498 3102 518 499 3103 526 597 3104 526 597 3105 518 499 3106 525 586 3107 526 597 3108 525 586 3109 533 598 3110 533 598 3111 525 586 3112 532 587 3113 533 598 3114 532 587 3115 540 599 3116 540 599 3117 532 587 3118 539 588 3119 540 599 3120 539 588 3121 547 600 3122 547 600 3123 539 588 3124 546 589 3125 547 600 3126 546 589 3127 554 601 3128 554 601 3129 546 589 3130 553 590 3131 554 601 3132 553 590 3133 561 602 3134 561 602 3135 553 590 3136 560 591 3137 561 602 3138 560 591 3139 568 603 3140 568 603 3141 560 591 3142 567 592 3143 568 603 3144 567 592 3145 578 604 3146 578 604 3147 567 592 3148 579 593 3149 578 604 3150 579 593 3151 575 605 3152 575 605 3153 579 593 3154 574 594 3155 575 605 3156 574 594 3157 589 606 3158 589 606 3159 574 594 3160 588 595 3161 589 606 3162 588 595 3163 596 607 3164 596 607 3165 588 595 3166 595 596 3167 596 607 3168 595 596 3169 603 608 3170 603 608 3171 595 596 3172 602 529 3173 603 608 3174 602 529 3175 610 531 3176 534 557 3177 527 558 3178 526 597 3179 526 597 3180 527 558 3181 519 498 3182 534 557 3183 526 597 3184 533 598 3185 541 556 3186 534 557 3187 533 598 3188 541 556 3189 533 598 3190 540 599 3191 548 555 3192 541 556 3193 540 599 3194 548 555 3195 540 599 3196 547 600 3197 555 554 3198 548 555 3199 547 600 3200 555 554 3201 547 600 3202 554 601 3203 562 553 3204 555 554 3205 554 601 3206 562 553 3207 554 601 3208 561 602 3209 569 552 3210 562 553 3211 561 602 3212 569 552 3213 561 602 3214 568 603 3215 577 551 3216 569 552 3217 568 603 3218 577 551 3219 568 603 3220 578 604 3221 577 551 3222 578 604 3223 576 550 3224 576 550 3225 578 604 3226 575 605 3227 576 550 3228 575 605 3229 590 549 3230 590 549 3231 575 605 3232 589 606 3233 590 549 3234 589 606 3235 597 548 3236 597 548 3237 589 606 3238 596 607 3239 597 548 3240 596 607 3241 604 547 3242 604 547 3243 596 607 3244 603 608 3245 604 547 3246 603 608 3247 611 546 3248 611 546 3249 603 608 3250 610 531 3251 641 609 3252 50 49 3253 644 610 3254 644 610 3255 50 49 3256 49 48 3257 644 610 3258 49 48 3259 612 611 3260 644 610 3261 612 611 3262 643 612 3263 643 612 3264 612 611 3265 613 613 3266 643 612 3267 613 613 3268 645 614 3269 645 614 3270 613 613 3271 614 615 3272 645 614 3273 614 615 3274 646 616 3275 646 616 3276 614 615 3277 615 617 3278 646 616 3279 615 617 3280 647 618 3281 647 618 3282 615 617 3283 616 619 3284 647 618 3285 616 619 3286 648 620 3287 648 620 3288 616 619 3289 617 621 3290 648 620 3291 617 621 3292 642 622 3293 642 622 3294 617 621 3295 618 623 3296 642 622 3297 618 623 3298 650 624 3299 650 624 3300 618 623 3301 649 625 3302 650 624 3303 649 625 3304 635 626 3305 635 626 3306 649 625 3307 634 627 3308 634 627 3309 649 625 3310 633 628 3311 633 628 3312 649 625 3313 651 629 3314 633 628 3315 651 629 3316 632 630 3317 632 630 3318 651 629 3319 652 631 3320 632 630 3321 652 631 3322 631 632 3323 631 632 3324 652 631 3325 653 633 3326 631 632 3327 653 633 3328 630 634 3329 630 634 3330 653 633 3331 654 635 3332 630 634 3333 654 635 3334 629 636 3335 629 636 3336 654 635 3337 655 637 3338 629 636 3339 655 637 3340 628 638 3341 628 638 3342 655 637 3343 656 639 3344 628 638 3345 656 639 3346 627 640 3347 627 640 3348 656 639 3349 66 88 3350 66 88 3351 656 639 3352 626 641 3353 66 88 3354 626 641 3355 67 89 3356 618 623 3357 619 627 3358 649 625 3359 649 625 3360 619 627 3361 620 642 3362 649 625 3363 620 642 3364 651 629 3365 651 629 3366 620 642 3367 621 643 3368 651 629 3369 621 643 3370 652 631 3371 652 631 3372 621 643 3373 622 644 3374 652 631 3375 622 644 3376 653 633 3377 653 633 3378 622 644 3379 623 645 3380 653 633 3381 623 645 3382 654 635 3383 654 635 3384 623 645 3385 624 646 3386 654 635 3387 624 646 3388 655 637 3389 655 637 3390 624 646 3391 625 647 3392 655 637 3393 625 647 3394 656 639 3395 656 639 3396 625 647 3397 626 641 3398 635 626 3399 636 648 3400 650 624 3401 650 624 3402 636 648 3403 642 622 3404 642 622 3405 636 648 3406 648 620 3407 648 620 3408 636 648 3409 637 649 3410 648 620 3411 637 649 3412 647 618 3413 647 618 3414 637 649 3415 638 650 3416 647 618 3417 638 650 3418 646 616 3419 646 616 3420 638 650 3421 639 651 3422 646 616 3423 639 651 3424 645 614 3425 645 614 3426 639 651 3427 640 652 3428 645 614 3429 640 652 3430 643 612 3431 643 612 3432 640 652 3433 641 609 3434 643 612 3435 641 609 3436 644 610 3437 615 653 3438 657 653 3439 616 654 3440 616 654 3441 657 653 3442 658 655 3443 616 654 3444 658 655 3445 617 656 3446 617 656 3447 658 655 3448 618 657 3449 618 657 3450 658 655 3451 619 653 3452 619 653 3453 658 655 3454 620 653 3455 620 653 3456 658 655 3457 621 653 3458 621 653 3459 658 655 3460 622 653 3461 622 653 3462 658 655 3463 657 653 3464 622 653 3465 657 653 3466 623 653 3467 51 658 3468 50 659 3469 659 660 3470 659 660 3471 50 659 3472 641 661 3473 659 660 3474 641 661 3475 640 662 3476 640 662 3477 639 663 3478 659 660 3479 659 660 3480 639 663 3481 638 664 3482 659 660 3483 638 664 3484 637 665 3485 637 665 3486 636 666 3487 659 660 3488 659 660 3489 636 666 3490 635 667 3491 659 660 3492 635 667 3493 634 668 3494 634 668 3495 633 669 3496 659 660 3497 659 660 3498 633 669 3499 632 670 3500 659 660 3501 632 670 3502 631 671 3503 631 671 3504 630 672 3505 659 660 3506 659 660 3507 630 672 3508 629 673 3509 659 660 3510 629 673 3511 628 674 3512 628 674 3513 627 675 3514 659 660 3515 659 660 3516 627 675 3517 66 668 3518 659 660 3519 66 668 3520 65 676 3521 65 676 3522 64 677 3523 659 660 3524 659 660 3525 64 677 3526 63 678 3527 659 660 3528 63 678 3529 62 679 3530 62 679 3531 61 680 3532 659 660 3533 659 660 3534 61 680 3535 60 681 3536 659 660 3537 60 681 3538 59 682 3539 59 682 3540 58 668 3541 659 660 3542 659 660 3543 58 668 3544 57 683 3545 659 660 3546 57 683 3547 56 684 3548 56 684 3549 55 685 3550 659 660 3551 659 660 3552 55 685 3553 54 686 3554 659 660 3555 54 686 3556 53 687 3557 53 687 3558 52 688 3559 659 660 3560 659 660 3561 52 688 3562 51 658 3563 500 689 3564 499 690 3565 668 691 3566 668 691 3567 499 690 3568 498 692 3569 668 691 3570 498 692 3571 497 693 3572 497 693 3573 496 694 3574 668 691 3575 668 691 3576 496 694 3577 495 695 3578 668 691 3579 495 695 3580 660 696 3581 660 696 3582 495 695 3583 494 697 3584 660 696 3585 494 697 3586 493 698 3587 493 698 3588 492 699 3589 660 696 3590 660 696 3591 492 699 3592 667 700 3593 667 700 3594 492 699 3595 122 701 3596 667 700 3597 122 701 3598 121 702 3599 121 702 3600 120 703 3601 667 700 3602 667 700 3603 120 703 3604 119 704 3605 667 700 3606 119 704 3607 118 705 3608 118 705 3609 117 706 3610 667 700 3611 667 700 3612 117 706 3613 116 707 3614 667 700 3615 116 707 3616 115 708 3617 115 708 3618 114 709 3619 667 700 3620 667 700 3621 114 709 3622 666 710 3623 666 710 3624 114 709 3625 113 711 3626 666 710 3627 113 711 3628 112 712 3629 112 712 3630 111 713 3631 666 710 3632 666 710 3633 111 713 3634 110 714 3635 666 710 3636 110 714 3637 109 715 3638 109 715 3639 108 716 3640 666 710 3641 666 710 3642 108 716 3643 107 717 3644 666 710 3645 107 717 3646 106 702 3647 106 702 3648 506 718 3649 666 710 3650 666 710 3651 506 718 3652 665 719 3653 665 719 3654 506 718 3655 505 720 3656 665 719 3657 505 720 3658 504 721 3659 504 721 3660 503 722 3661 665 719 3662 665 719 3663 503 722 3664 668 691 3665 665 719 3666 668 691 3667 664 723 3668 664 723 3669 668 691 3670 247 724 3671 664 723 3672 247 724 3673 246 702 3674 503 722 3675 502 725 3676 668 691 3677 668 691 3678 502 725 3679 501 726 3680 668 691 3681 501 726 3682 500 689 3683 378 727 3684 662 728 3685 379 729 3686 379 729 3687 662 728 3688 663 730 3689 379 729 3690 663 730 3691 380 702 3692 380 702 3693 663 730 3694 381 731 3695 381 731 3696 663 730 3697 382 732 3698 382 732 3699 663 730 3700 383 702 3701 383 702 3702 663 730 3703 384 702 3704 384 702 3705 663 730 3706 385 702 3707 385 702 3708 663 730 3709 386 733 3710 386 733 3711 663 730 3712 243 734 3713 243 734 3714 663 730 3715 244 735 3716 244 735 3717 663 730 3718 664 723 3719 244 735 3720 664 723 3721 245 702 3722 245 702 3723 664 723 3724 246 702 3725 378 727 3726 377 736 3727 662 728 3728 662 728 3729 377 736 3730 376 737 3731 662 728 3732 376 737 3733 375 738 3734 375 738 3735 374 739 3736 662 728 3737 662 728 3738 374 739 3739 373 740 3740 662 728 3741 373 740 3742 372 741 3743 372 741 3744 259 742 3745 662 728 3746 662 728 3747 259 742 3748 258 743 3749 662 728 3750 258 743 3751 661 744 3752 661 744 3753 258 743 3754 257 702 3755 661 744 3756 257 702 3757 256 745 3758 256 745 3759 255 746 3760 661 744 3761 661 744 3762 255 746 3763 668 691 3764 661 744 3765 668 691 3766 660 696 3767 255 746 3768 254 747 3769 668 691 3770 668 691 3771 254 747 3772 253 748 3773 668 691 3774 253 748 3775 252 749 3776 252 749 3777 251 750 3778 668 691 3779 668 691 3780 251 750 3781 250 751 3782 668 691 3783 250 751 3784 249 752 3785 249 752 3786 248 753 3787 668 691 3788 668 691 3789 248 753 3790 247 724 3791 698 754 3792 1 1 3793 700 755 3794 700 755 3795 1 1 3796 0 0 3797 700 755 3798 0 0 3799 669 756 3800 700 755 3801 669 756 3802 699 757 3803 699 757 3804 669 756 3805 670 758 3806 699 757 3807 670 758 3808 701 759 3809 701 759 3810 670 758 3811 671 760 3812 701 759 3813 671 760 3814 702 761 3815 702 761 3816 671 760 3817 672 762 3818 702 761 3819 672 762 3820 703 763 3821 703 763 3822 672 762 3823 673 764 3824 703 763 3825 673 764 3826 704 765 3827 704 765 3828 673 764 3829 674 766 3830 704 765 3831 674 766 3832 705 767 3833 705 767 3834 674 766 3835 706 768 3836 705 767 3837 706 768 3838 693 769 3839 693 769 3840 706 768 3841 692 770 3842 692 770 3843 706 768 3844 707 771 3845 692 770 3846 707 771 3847 691 627 3848 691 627 3849 707 771 3850 690 772 3851 690 772 3852 707 771 3853 708 773 3854 690 772 3855 708 773 3856 689 774 3857 689 774 3858 708 773 3859 709 775 3860 689 774 3861 709 775 3862 688 776 3863 688 776 3864 709 775 3865 710 777 3866 688 776 3867 710 777 3868 687 778 3869 687 778 3870 710 777 3871 711 779 3872 687 778 3873 711 779 3874 686 780 3875 686 780 3876 711 779 3877 712 781 3878 686 780 3879 712 781 3880 685 782 3881 685 782 3882 712 781 3883 713 783 3884 685 782 3885 713 783 3886 684 784 3887 684 784 3888 713 783 3889 17 41 3890 17 41 3891 713 783 3892 683 785 3893 17 41 3894 683 785 3895 18 42 3896 674 766 3897 675 786 3898 706 768 3899 706 768 3900 675 786 3901 707 771 3902 675 786 3903 676 787 3904 707 771 3905 707 771 3906 676 787 3907 677 788 3908 707 771 3909 677 788 3910 708 773 3911 708 773 3912 677 788 3913 678 789 3914 708 773 3915 678 789 3916 709 775 3917 709 775 3918 678 789 3919 679 790 3920 709 775 3921 679 790 3922 710 777 3923 710 777 3924 679 790 3925 680 791 3926 710 777 3927 680 791 3928 711 779 3929 711 779 3930 680 791 3931 681 792 3932 711 779 3933 681 792 3934 712 781 3935 712 781 3936 681 792 3937 682 793 3938 712 781 3939 682 793 3940 713 783 3941 713 783 3942 682 793 3943 683 785 3944 705 767 3945 693 769 3946 704 765 3947 704 765 3948 693 769 3949 694 794 3950 704 765 3951 694 794 3952 703 763 3953 703 763 3954 694 794 3955 695 795 3956 703 763 3957 695 795 3958 702 761 3959 702 761 3960 695 795 3961 696 796 3962 702 761 3963 696 796 3964 701 759 3965 701 759 3966 696 796 3967 697 797 3968 701 759 3969 697 797 3970 699 757 3971 699 757 3972 697 797 3973 698 754 3974 699 757 3975 698 754 3976 700 755 3977 2 798 3978 1 799 3979 714 800 3980 714 800 3981 1 799 3982 698 801 3983 714 800 3984 698 801 3985 697 802 3986 697 802 3987 696 803 3988 714 800 3989 714 800 3990 696 803 3991 695 804 3992 714 800 3993 695 804 3994 694 805 3995 694 805 3996 693 653 3997 714 800 3998 714 800 3999 693 653 4000 692 653 4001 714 800 4002 692 653 4003 691 653 4004 691 653 4005 690 653 4006 714 800 4007 714 800 4008 690 653 4009 689 806 4010 714 800 4011 689 806 4012 688 807 4013 688 807 4014 687 808 4015 714 800 4016 714 800 4017 687 808 4018 686 809 4019 714 800 4020 686 809 4021 685 810 4022 685 810 4023 684 811 4024 714 800 4025 714 800 4026 684 811 4027 17 653 4028 714 800 4029 17 653 4030 16 812 4031 16 812 4032 15 813 4033 714 800 4034 714 800 4035 15 813 4036 14 814 4037 714 800 4038 14 814 4039 13 815 4040 13 815 4041 12 816 4042 714 800 4043 714 800 4044 12 816 4045 11 817 4046 714 800 4047 11 817 4048 10 653 4049 10 653 4050 9 653 4051 714 800 4052 714 800 4053 9 653 4054 8 653 4055 714 800 4056 8 653 4057 7 653 4058 7 653 4059 6 818 4060 714 800 4061 714 800 4062 6 818 4063 5 819 4064 714 800 4065 5 819 4066 4 820 4067 4 820 4068 3 821 4069 714 800 4070 714 800 4071 3 821 4072 2 798 4073 657 822 4074 615 823 4075 716 824 4076 716 824 4077 615 823 4078 614 825 4079 716 824 4080 614 825 4081 613 826 4082 613 826 4083 612 827 4084 716 824 4085 716 824 4086 612 827 4087 49 828 4088 716 824 4089 49 828 4090 715 829 4091 715 829 4092 49 828 4093 82 830 4094 715 829 4095 82 830 4096 81 831 4097 81 831 4098 80 832 4099 715 829 4100 715 829 4101 80 832 4102 79 833 4103 715 829 4104 79 833 4105 78 834 4106 78 834 4107 77 835 4108 715 829 4109 715 829 4110 77 835 4111 76 836 4112 715 829 4113 76 836 4114 75 837 4115 75 837 4116 74 838 4117 715 829 4118 715 829 4119 74 838 4120 660 839 4121 660 839 4122 74 838 4123 73 840 4124 660 839 4125 73 840 4126 72 841 4127 72 841 4128 71 842 4129 660 839 4130 660 839 4131 71 842 4132 70 843 4133 660 839 4134 70 843 4135 717 844 4136 717 844 4137 70 843 4138 69 845 4139 717 844 4140 69 845 4141 68 846 4142 68 846 4143 67 847 4144 717 844 4145 717 844 4146 67 847 4147 626 848 4148 717 844 4149 626 848 4150 625 849 4151 717 844 4152 625 849 4153 661 850 4154 661 850 4155 625 849 4156 624 851 4157 661 850 4158 624 851 4159 623 852 4160 661 850 4161 623 852 4162 716 824 4163 716 824 4164 623 852 4165 657 822 4166 661 850 4167 660 839 4168 717 844 4169 723 853 4170 716 854 4171 724 855 4172 724 855 4173 716 854 4174 715 856 4175 724 855 4176 715 856 4177 718 857 4178 718 857 4179 719 858 4180 724 855 4181 724 855 4182 719 858 4183 720 859 4184 724 855 4185 720 859 4186 721 860 4187 721 860 4188 722 853 4189 724 855 4190 724 855 4191 722 853 4192 723 853 4193 718 861 4194 715 862 4195 725 863 4196 725 863 4197 715 862 4198 660 864 4199 725 863 4200 660 864 4201 667 865 4202 667 865 4203 718 861 4204 725 863 4205 27 866 4206 26 867 4207 720 868 4208 720 868 4209 26 867 4210 25 869 4211 720 868 4212 25 869 4213 24 870 4214 24 870 4215 23 871 4216 720 868 4217 720 868 4218 23 871 4219 22 872 4220 720 868 4221 22 872 4222 21 873 4223 21 873 4224 20 874 4225 720 868 4226 720 868 4227 20 874 4228 19 875 4229 720 868 4230 19 875 4231 18 876 4232 720 868 4233 18 876 4234 721 877 4235 721 877 4236 18 876 4237 683 878 4238 721 877 4239 683 878 4240 682 879 4241 682 879 4242 681 880 4243 721 877 4244 721 877 4245 681 880 4246 680 881 4247 721 877 4248 680 881 4249 679 882 4250 679 882 4251 678 883 4252 721 877 4253 721 877 4254 678 883 4255 677 884 4256 721 877 4257 677 884 4258 676 885 4259 676 885 4260 675 886 4261 721 877 4262 721 877 4263 675 886 4264 664 887 4265 664 887 4266 675 886 4267 674 888 4268 664 887 4269 674 888 4270 673 889 4271 673 889 4272 672 890 4273 664 887 4274 664 887 4275 672 890 4276 671 891 4277 664 887 4278 671 891 4279 670 892 4280 664 887 4281 670 892 4282 726 893 4283 726 893 4284 670 892 4285 669 894 4286 726 893 4287 669 894 4288 0 895 4289 0 895 4290 33 896 4291 726 893 4292 726 893 4293 33 896 4294 32 897 4295 726 893 4296 32 897 4297 31 898 4298 726 893 4299 31 898 4300 665 899 4301 665 899 4302 31 898 4303 30 900 4304 665 899 4305 30 900 4306 29 901 4307 29 901 4308 28 902 4309 665 899 4310 665 899 4311 28 902 4312 27 866 4313 665 899 4314 27 866 4315 720 868 4316 665 899 4317 664 887 4318 726 893 4319 722 903 4320 721 903 4321 727 904 4322 727 904 4323 721 903 4324 664 903 4325 727 904 4326 664 903 4327 663 903 4328 663 903 4329 722 903 4330 727 904 4331 662 905 4332 661 906 4333 728 907 4334 728 907 4335 661 906 4336 716 908 4337 728 907 4338 716 908 4339 723 909 4340 723 909 4341 662 905 4342 728 907 4343 663 627 4344 662 627 4345 729 627 4346 729 627 4347 662 627 4348 723 627 4349 729 627 4350 723 627 4351 722 627 4352 722 627 4353 663 627 4354 729 627 4355 666 910 4356 665 911 4357 730 912 4358 730 912 4359 665 911 4360 720 913 4361 730 912 4362 720 913 4363 719 912 4364 719 912 4365 666 910 4366 730 912 4367 667 16 4368 666 16 4369 731 16 4370 731 16 4371 666 16 4372 719 16 4373 731 16 4374 719 16 4375 718 16 4376 718 16 4377 667 16 4378 731 16 4379</p>
        </triangles>
      </mesh>
    </geometry>
  </library_geometries>
  <library_visual_scenes>
    <visual_scene id="Scene" name="Scene">
      <node id="tmp_export_base_link" name="tmp_export_base_link" type="NODE">
        <matrix sid="transform">1 0 0 0 0 1 0 0 0 0 1 0 0 0 0 1</matrix>
        <instance_geometry url="#base_link-mesh" name="tmp_export_base_link">
          <bind_material>
            <technique_common>
              <instance_material symbol="ABS__White_-material" target="#ABS__White_-material">
                <bind_vertex_input semantic="Texture UVs" input_semantic="TEXCOORD" input_set="0"/>
              </instance_material>
            </technique_common>
          </bind_material>
        </instance_geometry>
      </node>
    </visual_scene>
  </library_visual_scenes>
  <scene>
    <instance_visual_scene url="#Scene"/>
  </scene>
</COLLADA>